id,user_id,chapter_id,created_at,updated_at
CHT00001,S0331,CT00002,2025-01-16 00:14:42,2025-01-17 13:14:42
CHT00002,S0242,CT00002,2024-07-20 18:18:07,2024-07-21 12:18:07
CHT00003,S0181,CT00006,2025-01-14 04:34:27,2025-01-14 20:34:27
CHT00004,S0145,CT00003,2025-02-13 19:24:19,2025-02-14 09:24:19
CHT00005,S0116,CT00006,2024-09-17 06:35:49,2024-09-18 21:35:49
CHT00006,S0579,CT00002,2025-03-13 00:50:22,2025-03-13 16:50:22
CHT00007,S0533,CT00003,2024-11-16 03:12:54,2024-11-17 05:12:54
CHT00008,S0382,CT00002,2025-02-26 15:27:00,2025-02-27 22:27:00
CHT00009,S0736,CT00006,2024-08-21 12:10:29,2024-08-23 09:10:29
CHT00010,S0883,CT00003,2024-12-09 20:00:48,2024-12-10 16:00:48
CHT00011,S0230,CT00005,2025-02-25 19:40:13,2025-02-25 22:40:13
CHT00012,S0429,CT00003,2024-12-20 04:14:11,2024-12-20 16:14:11
CHT00013,S0338,CT00002,2024-07-18 10:54:15,2024-07-19 02:54:15
CHT00014,S0471,CT00004,2024-12-19 05:59:04,2024-12-19 14:59:04
CHT00015,S0772,CT00002,2024-11-11 00:51:48,2024-11-11 16:51:48
CHT00016,S0410,CT00006,2024-12-18 08:08:21,2024-12-19 16:08:21
CHT00017,S0662,CT00001,2025-02-09 05:01:32,2025-02-10 08:01:32
CHT00018,S0412,CT00002,2024-05-22 02:28:15,2024-05-23 00:28:15
CHT00019,S0045,CT00003,2024-10-18 04:51:41,2024-10-19 18:51:41
CHT00020,S0956,CT00001,2024-11-01 05:35:20,2024-11-02 16:35:20
CHT00021,S0157,CT00002,2025-01-24 12:04:05,2025-01-26 01:04:05
CHT00022,S0569,CT00004,2024-12-08 22:21:39,2024-12-10 01:21:39
CHT00023,S0736,CT00002,2024-06-20 12:09:59,2024-06-21 21:09:59
CHT00024,S0692,CT00006,2024-09-28 06:02:54,2024-09-29 05:02:54
CHT00025,S0688,CT00003,2025-03-16 14:39:54,2025-03-18 10:39:54
CHT00026,S0026,CT00001,2024-03-12 17:31:20,2024-03-13 00:31:20
CHT00027,S0146,CT00003,2024-02-14 09:21:49,2024-02-14 23:21:49
CHT00028,S0445,CT00002,2024-09-12 12:15:15,2024-09-13 13:15:15
CHT00029,S0537,CT00001,2024-01-21 06:12:40,2024-01-22 15:12:40
CHT00030,S0358,CT00004,2024-03-29 13:04:41,2024-03-30 05:04:41
CHT00031,S0136,CT00005,2024-06-18 07:17:54,2024-06-18 20:17:54
CHT00032,S0411,CT00002,2024-09-05 20:52:56,2024-09-07 07:52:56
CHT00033,S0153,CT00003,2024-08-12 17:52:55,2024-08-13 01:52:55
CHT00034,S0096,CT00003,2024-09-11 18:07:36,2024-09-12 03:07:36
CHT00035,S0446,CT00006,2024-08-23 20:19:22,2024-08-23 22:19:22
CHT00036,S0079,CT00001,2024-08-08 16:28:45,2024-08-09 13:28:45
CHT00037,S0031,CT00004,2024-11-26 18:35:20,2024-11-27 03:35:20
CHT00038,S0049,CT00004,2024-09-30 00:16:25,2024-09-30 07:16:25
CHT00039,S0315,CT00001,2025-02-07 17:59:09,2025-02-09 14:59:09
CHT00040,S0054,CT00004,2024-09-23 03:09:58,2024-09-24 17:09:58
CHT00041,S0031,CT00004,2024-04-26 11:51:59,2024-04-27 21:51:59
CHT00042,S0554,CT00003,2024-11-24 14:44:33,2024-11-24 23:44:33
CHT00043,S0179,CT00005,2024-12-21 19:27:34,2024-12-23 08:27:34
CHT00044,S0428,CT00001,2024-01-18 14:07:06,2024-01-20 14:07:06
CHT00045,S0290,CT00001,2024-12-27 17:16:07,2024-12-28 10:16:07
CHT00046,S0234,CT00002,2025-01-18 13:01:30,2025-01-20 11:01:30
CHT00047,S0247,CT00003,2025-01-31 02:04:21,2025-01-31 12:04:21
CHT00048,S0034,CT00003,2024-06-04 23:50:36,2024-06-06 04:50:36
CHT00049,S0365,CT00001,2024-03-13 17:31:01,2024-03-14 02:31:01
CHT00050,S0528,CT00006,2024-07-26 11:36:46,2024-07-27 12:36:46
CHT00051,S0402,CT00006,2024-10-31 20:41:38,2024-11-01 20:41:38
CHT00052,S0627,CT00002,2024-04-13 23:43:51,2024-04-15 03:43:51
CHT00053,S0176,CT00006,2024-08-18 18:04:19,2024-08-19 03:04:19
CHT00054,S0077,CT00003,2024-04-24 10:31:52,2024-04-24 16:31:52
CHT00055,S0201,CT00003,2024-05-21 07:09:24,2024-05-22 12:09:24
CHT00056,S0909,CT00005,2024-10-30 20:05:58,2024-11-01 20:05:58
CHT00057,S0053,CT00003,2024-07-19 05:13:39,2024-07-19 09:13:39
CHT00058,S0841,CT00005,2024-12-10 09:13:37,2024-12-10 22:13:37
CHT00059,S0311,CT00005,2024-12-07 16:53:39,2024-12-09 10:53:39
CHT00060,S0357,CT00002,2024-05-20 18:27:52,2024-05-21 05:27:52
CHT00061,S0220,CT00003,2024-03-09 12:55:48,2024-03-09 20:55:48
CHT00062,S0364,CT00003,2024-02-22 03:33:56,2024-02-22 20:33:56
CHT00063,S0649,CT00001,2024-07-24 10:21:20,2024-07-25 02:21:20
CHT00064,S0750,CT00004,2024-07-07 12:23:15,2024-07-08 20:23:15
CHT00065,S0485,CT00002,2024-02-15 02:57:33,2024-02-16 02:57:33
CHT00066,S0258,CT00005,2024-08-21 18:28:38,2024-08-23 06:28:38
CHT00067,S0302,CT00004,2024-12-21 18:56:39,2024-12-22 23:56:39
CHT00068,S0184,CT00002,2024-02-04 22:44:53,2024-02-05 12:44:53
CHT00069,S0376,CT00006,2024-08-13 23:52:59,2024-08-14 10:52:59
CHT00070,S0428,CT00004,2024-12-11 04:40:57,2024-12-12 22:40:57
CHT00071,S0022,CT00001,2024-09-13 20:50:08,2024-09-14 01:50:08
CHT00072,S0775,CT00003,2025-02-06 15:28:59,2025-02-07 00:28:59
CHT00073,S0336,CT00004,2024-07-28 07:39:06,2024-07-28 17:39:06
CHT00074,S0565,CT00005,2025-02-10 00:17:19,2025-02-11 10:17:19
CHT00075,S0102,CT00002,2024-02-19 10:58:35,2024-02-21 00:58:35
CHT00076,S0485,CT00005,2024-04-20 03:12:27,2024-04-20 22:12:27
CHT00077,S0856,CT00003,2024-01-26 12:13:24,2024-01-28 02:13:24
CHT00078,S0905,CT00003,2024-06-24 14:05:18,2024-06-26 03:05:18
CHT00079,S0312,CT00002,2024-02-14 21:09:25,2024-02-16 03:09:25
CHT00080,S0599,CT00001,2024-08-03 03:14:31,2024-08-04 11:14:31
CHT00081,S0613,CT00001,2024-09-08 20:30:32,2024-09-10 05:30:32
CHT00082,S0739,CT00004,2024-11-16 01:51:45,2024-11-17 04:51:45
CHT00083,S0007,CT00002,2024-04-05 19:44:33,2024-04-07 05:44:33
CHT00084,S0798,CT00001,2024-05-20 12:50:22,2024-05-21 02:50:22
CHT00085,S0672,CT00001,2025-02-08 14:21:14,2025-02-08 17:21:14
CHT00086,S0767,CT00006,2025-01-09 16:00:02,2025-01-10 08:00:02
CHT00087,S0168,CT00004,2024-03-23 15:48:08,2024-03-24 20:48:08
CHT00088,S0151,CT00001,2024-02-03 09:54:52,2024-02-04 07:54:52
CHT00089,S0386,CT00001,2024-04-02 15:21:19,2024-04-03 04:21:19
CHT00090,S0902,CT00004,2024-01-08 12:14:57,2024-01-09 21:14:57
CHT00091,S0683,CT00001,2024-12-22 13:36:29,2024-12-24 04:36:29
CHT00092,S0282,CT00005,2024-05-11 13:09:29,2024-05-11 19:09:29
CHT00093,S0253,CT00001,2024-08-04 13:50:49,2024-08-06 08:50:49
CHT00094,S0186,CT00001,2024-10-13 23:06:45,2024-10-14 12:06:45
CHT00095,S0142,CT00006,2025-01-20 18:58:04,2025-01-21 03:58:04
CHT00096,S0111,CT00001,2025-03-06 08:59:26,2025-03-08 08:59:26
CHT00097,S0407,CT00001,2024-08-01 21:54:30,2024-08-03 14:54:30
CHT00098,S0347,CT00003,2024-02-12 14:34:32,2024-02-13 20:34:32
CHT00099,S0089,CT00005,2024-09-26 16:51:27,2024-09-28 14:51:27
CHT00100,S0271,CT00002,2024-01-16 21:58:42,2024-01-18 14:58:42
CHT00101,S0959,CT00006,2024-10-30 15:22:22,2024-10-30 20:22:22
CHT00102,S0034,CT00004,2024-05-30 19:50:24,2024-05-31 13:50:24
CHT00103,S0406,CT00006,2024-12-04 06:53:54,2024-12-04 11:53:54
CHT00104,S0249,CT00006,2024-08-25 03:11:43,2024-08-26 15:11:43
CHT00105,S0766,CT00005,2024-05-03 11:17:37,2024-05-05 08:17:37
CHT00106,S0586,CT00005,2024-03-07 15:53:32,2024-03-08 17:53:32
CHT00107,S0386,CT00006,2024-08-01 12:05:10,2024-08-02 11:05:10
CHT00108,S0925,CT00003,2024-02-28 14:50:28,2024-02-29 16:50:28
CHT00109,S0754,CT00003,2024-04-03 11:55:24,2024-04-05 11:55:24
CHT00110,S0281,CT00006,2024-10-19 05:54:47,2024-10-19 12:54:47
CHT00111,S0300,CT00004,2024-07-01 00:49:16,2024-07-02 21:49:16
CHT00112,S0126,CT00001,2025-02-22 12:46:28,2025-02-23 05:46:28
CHT00113,S0334,CT00001,2024-03-15 14:43:30,2024-03-15 19:43:30
CHT00114,S0853,CT00003,2024-07-28 06:08:01,2024-07-29 14:08:01
CHT00115,S0157,CT00003,2024-05-22 08:16:19,2024-05-23 02:16:19
CHT00116,S0513,CT00001,2024-05-31 11:41:41,2024-06-02 01:41:41
CHT00117,S0173,CT00004,2024-07-02 12:50:51,2024-07-03 10:50:51
CHT00118,S0111,CT00003,2024-11-17 05:28:05,2024-11-18 20:28:05
CHT00119,S0309,CT00002,2024-07-08 03:21:23,2024-07-09 16:21:23
CHT00120,S0932,CT00006,2025-02-07 07:01:13,2025-02-07 22:01:13
CHT00121,S0104,CT00006,2025-02-19 22:43:58,2025-02-20 03:43:58
CHT00122,S0307,CT00003,2024-08-14 07:45:17,2024-08-14 09:45:17
CHT00123,S0374,CT00006,2024-08-08 07:00:48,2024-08-08 14:00:48
CHT00124,S0284,CT00005,2025-01-01 23:41:56,2025-01-02 01:41:56
CHT00125,S0410,CT00005,2024-08-14 07:40:24,2024-08-15 07:40:24
CHT00126,S0256,CT00003,2024-11-09 03:31:20,2024-11-09 14:31:20
CHT00127,S0913,CT00002,2024-09-18 17:24:21,2024-09-19 15:24:21
CHT00128,S0441,CT00002,2024-08-03 07:03:06,2024-08-04 06:03:06
CHT00129,S0255,CT00003,2024-05-07 16:04:48,2024-05-07 23:04:48
CHT00130,S0763,CT00006,2024-02-05 15:09:50,2024-02-07 00:09:50
CHT00131,S0960,CT00003,2024-04-26 02:23:29,2024-04-26 18:23:29
CHT00132,S0041,CT00003,2025-02-16 17:47:14,2025-02-17 20:47:14
CHT00133,S0023,CT00006,2025-02-18 01:32:38,2025-02-18 10:32:38
CHT00134,S0836,CT00006,2024-04-21 07:11:29,2024-04-22 04:11:29
CHT00135,S0983,CT00002,2024-03-02 07:29:59,2024-03-02 09:29:59
CHT00136,S0479,CT00001,2024-03-30 07:24:38,2024-03-31 01:24:38
CHT00137,S0972,CT00004,2024-03-13 22:32:35,2024-03-15 01:32:35
CHT00138,S0510,CT00003,2024-07-02 15:03:34,2024-07-03 22:03:34
CHT00139,S0481,CT00006,2024-03-18 18:14:54,2024-03-20 15:14:54
CHT00140,S0411,CT00004,2024-05-01 18:04:22,2024-05-02 23:04:22
CHT00141,S0230,CT00004,2024-12-26 08:45:16,2024-12-28 01:45:16
CHT00142,S0498,CT00001,2024-07-05 23:49:37,2024-07-07 19:49:37
CHT00143,S0358,CT00001,2024-08-26 11:02:43,2024-08-27 01:02:43
CHT00144,S0643,CT00006,2025-01-03 01:09:10,2025-01-04 20:09:10
CHT00145,S0925,CT00003,2024-01-25 00:21:30,2024-01-26 12:21:30
CHT00146,S0600,CT00005,2024-05-20 07:55:27,2024-05-21 17:55:27
CHT00147,S0960,CT00003,2024-05-09 20:33:21,2024-05-10 16:33:21
CHT00148,S0424,CT00001,2024-07-31 02:05:50,2024-07-31 09:05:50
CHT00149,S0811,CT00004,2024-05-07 11:55:31,2024-05-09 11:55:31
CHT00150,S0451,CT00005,2024-01-16 04:02:00,2024-01-17 03:02:00
CHT00151,S0268,CT00003,2024-12-08 10:44:02,2024-12-09 06:44:02
CHT00152,S0783,CT00003,2024-05-26 19:26:14,2024-05-28 15:26:14
CHT00153,S0011,CT00006,2024-01-24 08:31:31,2024-01-25 13:31:31
CHT00154,S0014,CT00001,2024-06-21 15:41:10,2024-06-22 00:41:10
CHT00155,S0514,CT00002,2024-04-13 11:14:19,2024-04-15 05:14:19
CHT00156,S0225,CT00003,2025-03-28 04:38:49,2025-03-28 20:38:49
CHT00157,S0391,CT00006,2024-01-15 17:21:52,2024-01-16 08:21:52
CHT00158,S0496,CT00004,2024-09-09 18:16:03,2024-09-10 18:16:03
CHT00159,S0840,CT00001,2024-03-17 09:23:01,2024-03-18 10:23:01
CHT00160,S0134,CT00005,2024-04-01 12:17:41,2024-04-03 01:17:41
CHT00161,S0778,CT00003,2025-01-10 19:52:46,2025-01-11 21:52:46
CHT00162,S0640,CT00005,2024-04-21 16:38:44,2024-04-22 12:38:44
CHT00163,S0243,CT00002,2025-01-28 12:45:53,2025-01-29 13:45:53
CHT00164,S0837,CT00006,2024-03-15 23:15:36,2024-03-16 07:15:36
CHT00165,S0926,CT00001,2024-05-04 05:22:54,2024-05-05 22:22:54
CHT00166,S0834,CT00001,2024-11-12 20:27:18,2024-11-14 17:27:18
CHT00167,S0457,CT00002,2024-02-22 23:45:00,2024-02-23 07:45:00
CHT00168,S0720,CT00002,2025-03-07 17:02:59,2025-03-09 16:02:59
CHT00169,S0471,CT00004,2024-10-01 07:49:50,2024-10-02 21:49:50
CHT00170,S0430,CT00003,2024-12-31 05:37:59,2025-01-01 15:37:59
CHT00171,S0364,CT00004,2024-12-06 23:55:58,2024-12-07 18:55:58
CHT00172,S0547,CT00005,2024-07-25 17:28:07,2024-07-25 19:28:07
CHT00173,S0526,CT00002,2024-04-27 18:03:46,2024-04-29 14:03:46
CHT00174,S0119,CT00001,2024-02-08 06:47:29,2024-02-09 15:47:29
CHT00175,S0045,CT00006,2024-07-09 18:46:40,2024-07-10 17:46:40
CHT00176,S0162,CT00004,2025-01-06 00:30:47,2025-01-07 16:30:47
CHT00177,S0449,CT00005,2024-03-17 01:57:01,2024-03-18 18:57:01
CHT00178,S0408,CT00005,2025-02-19 08:03:07,2025-02-19 17:03:07
CHT00179,S0482,CT00004,2025-01-06 10:18:23,2025-01-06 18:18:23
CHT00180,S0651,CT00003,2024-07-31 19:08:26,2024-08-01 15:08:26
CHT00181,S0680,CT00003,2024-01-30 04:33:51,2024-01-30 08:33:51
CHT00182,S0696,CT00004,2024-07-17 23:22:28,2024-07-18 19:22:28
CHT00183,S0118,CT00004,2024-02-14 14:24:28,2024-02-16 03:24:28
CHT00184,S0134,CT00004,2024-10-18 13:07:55,2024-10-20 11:07:55
CHT00185,S0865,CT00005,2024-07-06 08:19:17,2024-07-07 12:19:17
CHT00186,S0798,CT00005,2024-10-11 15:39:39,2024-10-11 18:39:39
CHT00187,S0125,CT00004,2024-06-02 23:18:22,2024-06-03 02:18:22
CHT00188,S0644,CT00006,2024-05-26 18:31:03,2024-05-27 15:31:03
CHT00189,S0789,CT00003,2024-11-21 19:21:39,2024-11-23 14:21:39
CHT00190,S0555,CT00002,2024-06-16 04:29:03,2024-06-18 02:29:03
CHT00191,S0833,CT00002,2025-01-21 10:24:37,2025-01-22 05:24:37
CHT00192,S0001,CT00002,2024-05-14 08:14:57,2024-05-16 05:14:57
CHT00193,S0029,CT00004,2024-10-04 02:21:33,2024-10-05 04:21:33
CHT00194,S0684,CT00001,2024-12-25 19:33:14,2024-12-26 15:33:14
CHT00195,S0377,CT00006,2024-01-03 08:53:35,2024-01-05 08:53:35
CHT00196,S0926,CT00003,2024-07-19 18:37:13,2024-07-20 21:37:13
CHT00197,S0564,CT00004,2024-03-19 13:13:11,2024-03-20 21:13:11
CHT00198,S0739,CT00001,2024-02-15 05:10:41,2024-02-15 17:10:41
CHT00199,S0879,CT00006,2024-05-31 06:44:20,2024-06-02 02:44:20
CHT00200,S0802,CT00005,2024-04-11 00:07:01,2024-04-12 20:07:01
CHT00201,S0733,CT00002,2024-08-05 06:45:11,2024-08-06 04:45:11
CHT00202,S0823,CT00006,2024-06-05 06:16:13,2024-06-06 02:16:13
CHT00203,S0547,CT00004,2024-11-23 05:42:49,2024-11-25 00:42:49
CHT00204,S0467,CT00002,2024-08-18 00:28:20,2024-08-19 19:28:20
CHT00205,S0718,CT00003,2024-09-24 15:45:17,2024-09-25 21:45:17
CHT00206,S0391,CT00001,2024-06-11 15:10:25,2024-06-11 21:10:25
CHT00207,S0469,CT00005,2024-02-22 16:11:40,2024-02-23 23:11:40
CHT00208,S0822,CT00003,2024-12-07 01:00:32,2024-12-09 01:00:32
CHT00209,S0712,CT00004,2024-01-08 03:13:46,2024-01-10 00:13:46
CHT00210,S0947,CT00006,2024-06-08 22:50:41,2024-06-09 01:50:41
CHT00211,S0102,CT00002,2024-02-09 16:22:31,2024-02-10 06:22:31
CHT00212,S0810,CT00004,2025-03-30 11:38:43,2025-03-31 17:38:43
CHT00213,S0764,CT00006,2025-02-26 05:32:19,2025-02-27 02:32:19
CHT00214,S0043,CT00004,2025-02-17 15:57:45,2025-02-18 16:57:45
CHT00215,S0858,CT00003,2024-02-28 02:58:04,2024-02-29 22:58:04
CHT00216,S0299,CT00003,2025-01-10 08:07:06,2025-01-11 04:07:06
CHT00217,S0650,CT00003,2024-04-19 11:39:58,2024-04-21 04:39:58
CHT00218,S0324,CT00003,2024-10-30 11:21:21,2024-10-31 11:21:21
CHT00219,S0273,CT00003,2024-05-05 07:11:22,2024-05-05 20:11:22
CHT00220,S0808,CT00006,2024-08-16 16:45:50,2024-08-17 04:45:50
CHT00221,S0580,CT00006,2024-08-27 15:49:40,2024-08-28 01:49:40
CHT00222,S0429,CT00002,2024-03-06 09:08:23,2024-03-07 22:08:23
CHT00223,S0778,CT00003,2024-10-18 19:38:37,2024-10-18 21:38:37
CHT00224,S0065,CT00005,2024-07-12 22:49:54,2024-07-13 16:49:54
CHT00225,S0236,CT00003,2024-09-06 05:50:00,2024-09-07 10:50:00
CHT00226,S0501,CT00005,2024-12-11 09:41:27,2024-12-12 22:41:27
CHT00227,S0454,CT00006,2025-01-12 19:52:33,2025-01-12 20:52:33
CHT00228,S0459,CT00006,2024-09-12 05:27:01,2024-09-12 21:27:01
CHT00229,S0662,CT00005,2024-05-06 04:19:18,2024-05-07 13:19:18
CHT00230,S0819,CT00006,2024-10-08 14:33:35,2024-10-08 20:33:35
CHT00231,S0187,CT00002,2024-12-14 06:55:36,2024-12-15 15:55:36
CHT00232,S0067,CT00005,2024-09-11 05:29:03,2024-09-12 01:29:03
CHT00233,S0467,CT00005,2024-10-04 17:27:24,2024-10-05 13:27:24
CHT00234,S0408,CT00004,2024-09-06 13:31:38,2024-09-07 04:31:38
CHT00235,S0500,CT00004,2024-10-03 04:27:07,2024-10-03 16:27:07
CHT00236,S0870,CT00006,2025-03-15 01:39:33,2025-03-16 18:39:33
CHT00237,S0159,CT00002,2024-06-29 12:54:36,2024-06-30 16:54:36
CHT00238,S0189,CT00006,2024-09-21 10:11:11,2024-09-22 15:11:11
CHT00239,S0653,CT00004,2025-02-27 01:35:42,2025-02-28 06:35:42
CHT00240,S0495,CT00006,2024-01-26 11:46:52,2024-01-27 06:46:52
CHT00241,S0566,CT00002,2024-12-18 21:46:40,2024-12-19 00:46:40
CHT00242,S0005,CT00004,2024-02-27 11:04:46,2024-02-29 01:04:46
CHT00243,S0460,CT00002,2025-01-09 00:34:37,2025-01-10 14:34:37
CHT00244,S0569,CT00003,2024-03-31 01:37:21,2024-03-31 07:37:21
CHT00245,S0773,CT00002,2024-04-20 22:38:05,2024-04-22 10:38:05
CHT00246,S0542,CT00005,2024-12-23 01:48:14,2024-12-23 08:48:14
CHT00247,S0230,CT00001,2024-05-23 10:44:25,2024-05-23 19:44:25
CHT00248,S0953,CT00003,2024-08-30 21:49:12,2024-08-31 22:49:12
CHT00249,S0840,CT00004,2024-06-05 06:31:03,2024-06-05 07:31:03
CHT00250,S0085,CT00006,2025-02-17 12:12:13,2025-02-17 23:12:13
CHT00251,S0229,CT00004,2024-06-14 17:53:58,2024-06-15 20:53:58
CHT00252,S0589,CT00002,2025-02-27 16:54:05,2025-02-28 01:54:05
CHT00253,S0355,CT00004,2025-03-07 01:13:46,2025-03-08 00:13:46
CHT00254,S0237,CT00005,2024-03-02 20:07:11,2024-03-04 13:07:11
CHT00255,S0679,CT00006,2024-04-02 12:07:41,2024-04-03 12:07:41
CHT00256,S0933,CT00001,2024-01-08 19:14:10,2024-01-10 00:14:10
CHT00257,S0177,CT00004,2024-06-13 18:51:07,2024-06-15 07:51:07
CHT00258,S0344,CT00003,2024-08-08 05:54:30,2024-08-09 17:54:30
CHT00259,S0118,CT00005,2024-09-01 15:17:00,2024-09-01 17:17:00
CHT00260,S0081,CT00005,2024-05-29 14:15:54,2024-05-30 04:15:54
CHT00261,S0340,CT00006,2024-08-14 21:43:17,2024-08-16 09:43:17
CHT00262,S0612,CT00002,2025-01-04 22:50:20,2025-01-06 09:50:20
CHT00263,S0005,CT00004,2024-09-30 21:46:54,2024-10-02 05:46:54
CHT00264,S0496,CT00005,2025-01-13 20:24:29,2025-01-15 18:24:29
CHT00265,S0942,CT00003,2025-01-22 13:45:17,2025-01-24 03:45:17
CHT00266,S0826,CT00004,2024-05-11 01:35:58,2024-05-12 13:35:58
CHT00267,S0553,CT00004,2024-01-02 02:11:41,2024-01-03 12:11:41
CHT00268,S0712,CT00005,2025-01-13 04:57:31,2025-01-13 12:57:31
CHT00269,S0377,CT00001,2024-12-25 01:28:34,2024-12-25 16:28:34
CHT00270,S0128,CT00001,2024-11-27 12:08:21,2024-11-28 05:08:21
CHT00271,S0413,CT00006,2024-09-16 01:18:43,2024-09-17 05:18:43
CHT00272,S0884,CT00004,2024-12-13 03:42:19,2024-12-14 10:42:19
CHT00273,S0841,CT00002,2024-11-28 06:05:21,2024-11-29 18:05:21
CHT00274,S0073,CT00001,2024-12-20 00:20:09,2024-12-20 12:20:09
CHT00275,S0369,CT00005,2024-02-01 01:54:33,2024-02-01 17:54:33
CHT00276,S0055,CT00006,2024-09-23 14:19:07,2024-09-24 14:19:07
CHT00277,S0582,CT00003,2024-04-28 07:25:04,2024-04-28 18:25:04
CHT00278,S0426,CT00001,2024-11-08 13:20:15,2024-11-09 15:20:15
CHT00279,S0462,CT00004,2024-06-11 15:47:29,2024-06-12 18:47:29
CHT00280,S0840,CT00003,2024-10-29 10:09:44,2024-10-29 19:09:44
CHT00281,S0373,CT00006,2024-02-10 19:02:44,2024-02-11 17:02:44
CHT00282,S0223,CT00005,2024-10-28 03:07:01,2024-10-28 15:07:01
CHT00283,S0456,CT00006,2024-12-08 08:48:41,2024-12-09 02:48:41
CHT00284,S0932,CT00002,2025-01-18 03:07:03,2025-01-19 13:07:03
CHT00285,S0152,CT00005,2024-07-14 05:05:05,2024-07-15 15:05:05
CHT00286,S0251,CT00006,2024-10-21 09:13:37,2024-10-22 13:13:37
CHT00287,S0771,CT00004,2025-01-04 16:22:50,2025-01-06 11:22:50
CHT00288,S0815,CT00006,2024-06-28 23:28:12,2024-06-29 23:28:12
CHT00289,S0334,CT00005,2025-02-27 16:24:52,2025-03-01 10:24:52
CHT00290,S0506,CT00004,2024-09-21 01:49:28,2024-09-22 15:49:28
CHT00291,S0326,CT00003,2024-04-13 06:08:48,2024-04-14 00:08:48
CHT00292,S0901,CT00001,2024-12-30 14:18:20,2024-12-31 07:18:20
CHT00293,S0711,CT00002,2025-02-05 20:07:03,2025-02-07 06:07:03
CHT00294,S0898,CT00005,2024-07-27 13:10:19,2024-07-27 20:10:19
CHT00295,S0825,CT00006,2024-11-22 07:39:55,2024-11-24 06:39:55
CHT00296,S0323,CT00004,2024-09-20 06:43:03,2024-09-22 04:43:03
CHT00297,S0582,CT00004,2024-10-16 12:28:49,2024-10-18 07:28:49
CHT00298,S0938,CT00005,2024-12-28 16:45:08,2024-12-30 03:45:08
CHT00299,S0554,CT00002,2024-02-15 11:23:00,2024-02-15 19:23:00
CHT00300,S0314,CT00003,2025-02-20 05:13:52,2025-02-21 15:13:52
CHT00301,S0178,CT00003,2024-05-25 06:37:35,2024-05-25 18:37:35
CHT00302,S0864,CT00001,2024-09-26 00:19:39,2024-09-26 21:19:39
CHT00303,S0843,CT00003,2024-06-09 15:10:28,2024-06-10 19:10:28
CHT00304,S0057,CT00002,2024-05-03 19:50:28,2024-05-04 09:50:28
CHT00305,S0875,CT00006,2024-04-15 08:43:24,2024-04-16 20:43:24
CHT00306,S0892,CT00004,2024-10-23 10:06:58,2024-10-24 18:06:58
CHT00307,S0962,CT00004,2024-02-21 13:37:35,2024-02-23 09:37:35
CHT00308,S0737,CT00004,2024-06-29 08:54:21,2024-07-01 06:54:21
CHT00309,S0994,CT00003,2024-04-02 17:50:41,2024-04-02 20:50:41
CHT00310,S0544,CT00006,2024-08-25 19:42:23,2024-08-26 20:42:23
CHT00311,S0196,CT00005,2024-08-18 00:40:50,2024-08-18 12:40:50
CHT00312,S0080,CT00004,2024-10-10 08:43:28,2024-10-10 12:43:28
CHT00313,S0312,CT00005,2024-08-14 19:52:49,2024-08-15 08:52:49
CHT00314,S0602,CT00002,2024-06-05 10:19:13,2024-06-05 13:19:13
CHT00315,S0714,CT00003,2024-05-08 17:18:40,2024-05-09 11:18:40
CHT00316,S0483,CT00002,2024-09-30 14:42:43,2024-10-02 03:42:43
CHT00317,S0724,CT00003,2024-08-09 02:42:17,2024-08-10 16:42:17
CHT00318,S0510,CT00004,2025-02-03 01:54:48,2025-02-03 14:54:48
CHT00319,S0781,CT00003,2024-09-26 11:02:29,2024-09-26 12:02:29
CHT00320,S0586,CT00006,2025-02-10 04:09:40,2025-02-10 06:09:40
CHT00321,S0729,CT00002,2025-01-11 23:19:39,2025-01-12 05:19:39
CHT00322,S0923,CT00004,2025-02-22 22:42:58,2025-02-23 03:42:58
CHT00323,S0069,CT00002,2025-02-16 15:00:53,2025-02-17 08:00:53
CHT00324,S0985,CT00004,2024-05-30 09:44:13,2024-06-01 08:44:13
CHT00325,S0835,CT00003,2024-08-14 08:18:26,2024-08-15 18:18:26
CHT00326,S0615,CT00001,2024-09-12 11:37:58,2024-09-14 10:37:58
CHT00327,S0007,CT00005,2024-10-08 20:37:58,2024-10-10 13:37:58
CHT00328,S0756,CT00006,2024-09-19 10:17:57,2024-09-19 19:17:57
CHT00329,S0900,CT00003,2024-11-21 05:54:09,2024-11-22 04:54:09
CHT00330,S0154,CT00005,2025-02-11 07:40:43,2025-02-12 21:40:43
CHT00331,S0770,CT00005,2024-07-31 16:33:34,2024-08-01 11:33:34
CHT00332,S0612,CT00005,2025-02-22 22:24:40,2025-02-24 02:24:40
CHT00333,S0687,CT00005,2024-05-30 02:17:37,2024-05-30 09:17:37
CHT00334,S0738,CT00005,2024-10-07 17:12:03,2024-10-08 04:12:03
CHT00335,S0879,CT00002,2024-01-03 21:08:58,2024-01-04 21:08:58
CHT00336,S0856,CT00002,2024-12-16 08:02:50,2024-12-17 12:02:50
CHT00337,S0894,CT00004,2024-12-07 20:43:57,2024-12-09 01:43:57
CHT00338,S0641,CT00003,2024-08-02 06:32:42,2024-08-03 03:32:42
CHT00339,S0167,CT00004,2025-02-10 13:55:18,2025-02-12 04:55:18
CHT00340,S0209,CT00001,2025-02-04 10:30:39,2025-02-06 03:30:39
CHT00341,S0444,CT00002,2025-01-13 17:49:43,2025-01-14 06:49:43
CHT00342,S0762,CT00006,2024-07-29 16:54:57,2024-07-31 05:54:57
CHT00343,S0204,CT00005,2024-08-29 15:08:23,2024-08-31 14:08:23
CHT00344,S0907,CT00003,2025-02-26 22:50:20,2025-02-28 07:50:20
CHT00345,S0678,CT00004,2024-12-25 16:23:04,2024-12-27 05:23:04
CHT00346,S0322,CT00002,2024-12-28 06:53:27,2024-12-28 23:53:27
CHT00347,S0775,CT00003,2024-03-03 04:02:53,2024-03-05 01:02:53
CHT00348,S0076,CT00001,2025-03-02 17:24:46,2025-03-04 08:24:46
CHT00349,S0642,CT00003,2024-05-20 11:31:12,2024-05-22 07:31:12
CHT00350,S0395,CT00003,2025-03-17 08:09:40,2025-03-17 20:09:40
CHT00351,S0574,CT00001,2025-02-11 08:28:20,2025-02-12 02:28:20
CHT00352,S0942,CT00001,2024-02-22 09:06:15,2024-02-22 16:06:15
CHT00353,S0466,CT00004,2024-01-28 15:27:26,2024-01-29 10:27:26
CHT00354,S0068,CT00002,2024-04-27 07:57:04,2024-04-28 17:57:04
CHT00355,S0056,CT00005,2024-01-16 16:37:39,2024-01-17 19:37:39
CHT00356,S0211,CT00004,2025-02-28 06:22:48,2025-02-28 09:22:48
CHT00357,S0505,CT00003,2024-06-03 17:23:34,2024-06-05 14:23:34
CHT00358,S0640,CT00001,2025-02-14 18:11:06,2025-02-15 16:11:06
CHT00359,S0789,CT00003,2024-04-16 06:17:09,2024-04-16 10:17:09
CHT00360,S0234,CT00005,2025-01-02 02:04:03,2025-01-02 07:04:03
CHT00361,S0320,CT00005,2024-08-16 06:51:39,2024-08-16 20:51:39
CHT00362,S0339,CT00004,2024-03-26 02:39:17,2024-03-27 17:39:17
CHT00363,S0996,CT00004,2025-03-30 09:52:18,2025-03-31 02:52:18
CHT00364,S0912,CT00004,2024-06-07 00:32:17,2024-06-08 03:32:17
CHT00365,S0232,CT00001,2024-02-05 04:12:20,2024-02-05 16:12:20
CHT00366,S0054,CT00004,2024-03-28 21:39:49,2024-03-30 17:39:49
CHT00367,S0689,CT00006,2024-08-26 19:39:46,2024-08-28 18:39:46
CHT00368,S0963,CT00005,2025-02-23 14:35:37,2025-02-25 09:35:37
CHT00369,S0601,CT00003,2024-05-23 06:38:56,2024-05-23 15:38:56
CHT00370,S0524,CT00006,2024-05-07 21:47:24,2024-05-09 18:47:24
CHT00371,S0987,CT00001,2024-05-06 06:41:05,2024-05-06 08:41:05
CHT00372,S0366,CT00006,2025-02-01 12:28:03,2025-02-02 00:28:03
CHT00373,S0634,CT00004,2024-11-19 11:57:47,2024-11-19 12:57:47
CHT00374,S0565,CT00002,2024-12-20 23:35:25,2024-12-22 11:35:25
CHT00375,S0908,CT00001,2024-10-03 02:10:06,2024-10-03 09:10:06
CHT00376,S0667,CT00002,2024-09-28 23:03:24,2024-09-29 08:03:24
CHT00377,S0522,CT00002,2024-07-05 15:53:57,2024-07-06 08:53:57
CHT00378,S0962,CT00002,2024-09-02 04:05:45,2024-09-02 13:05:45
CHT00379,S0337,CT00006,2025-03-30 15:36:43,2025-03-31 16:36:43
CHT00380,S0932,CT00004,2024-12-30 15:30:52,2024-12-31 20:30:52
CHT00381,S0764,CT00003,2024-09-08 20:23:12,2024-09-10 12:23:12
CHT00382,S0888,CT00005,2024-05-28 00:45:13,2024-05-28 02:45:13
CHT00383,S0565,CT00004,2024-08-30 18:25:47,2024-09-01 15:25:47
CHT00384,S0795,CT00004,2024-12-29 22:27:34,2024-12-30 12:27:34
CHT00385,S0893,CT00004,2024-01-26 14:03:21,2024-01-26 19:03:21
CHT00386,S0178,CT00002,2024-03-13 16:23:34,2024-03-14 21:23:34
CHT00387,S0276,CT00004,2025-02-21 07:00:29,2025-02-23 01:00:29
CHT00388,S0127,CT00002,2025-02-01 09:10:17,2025-02-02 02:10:17
CHT00389,S0686,CT00001,2024-08-31 17:22:39,2024-09-02 10:22:39
CHT00390,S0455,CT00004,2024-07-02 23:54:26,2024-07-04 21:54:26
CHT00391,S0874,CT00005,2024-06-05 18:29:59,2024-06-06 15:29:59
CHT00392,S0452,CT00001,2024-01-01 20:49:33,2024-01-03 16:49:33
CHT00393,S0876,CT00002,2025-02-20 20:26:02,2025-02-22 09:26:02
CHT00394,S0236,CT00005,2024-08-03 18:46:25,2024-08-05 08:46:25
CHT00395,S0554,CT00006,2025-01-31 02:11:11,2025-01-31 10:11:11
CHT00396,S0647,CT00002,2024-12-26 17:38:16,2024-12-26 19:38:16
CHT00397,S0701,CT00001,2025-01-04 09:32:09,2025-01-05 09:32:09
CHT00398,S0582,CT00006,2024-02-26 01:12:39,2024-02-27 23:12:39
CHT00399,S0085,CT00002,2024-04-14 11:40:51,2024-04-14 21:40:51
CHT00400,S0957,CT00003,2024-06-21 17:53:55,2024-06-22 15:53:55
CHT00401,S0065,CT00005,2024-04-28 08:52:13,2024-04-29 08:52:13
CHT00402,S0575,CT00005,2024-07-09 22:09:12,2024-07-11 13:09:12
CHT00403,S0138,CT00006,2025-01-03 19:05:57,2025-01-05 06:05:57
CHT00404,S0936,CT00006,2024-02-04 21:29:09,2024-02-06 14:29:09
CHT00405,S0071,CT00003,2024-05-06 12:35:14,2024-05-08 11:35:14
CHT00406,S0423,CT00002,2024-05-30 04:30:03,2024-05-30 17:30:03
CHT00407,S0675,CT00005,2024-08-06 16:37:02,2024-08-07 22:37:02
CHT00408,S0320,CT00004,2024-09-14 09:05:15,2024-09-16 01:05:15
CHT00409,S0747,CT00001,2024-12-15 16:23:09,2024-12-17 05:23:09
CHT00410,S0632,CT00001,2025-02-13 09:12:58,2025-02-15 08:12:58
CHT00411,S0774,CT00004,2024-01-12 06:21:02,2024-01-13 17:21:02
CHT00412,S0385,CT00001,2024-11-09 17:02:39,2024-11-11 14:02:39
CHT00413,S0306,CT00004,2024-01-28 19:10:08,2024-01-29 12:10:08
CHT00414,S0583,CT00002,2024-02-10 21:55:03,2024-02-12 02:55:03
CHT00415,S0183,CT00003,2025-03-18 09:33:00,2025-03-19 06:33:00
CHT00416,S0219,CT00002,2024-09-28 06:41:35,2024-09-30 02:41:35
CHT00417,S0565,CT00001,2024-07-10 03:06:14,2024-07-11 01:06:14
CHT00418,S0678,CT00004,2025-02-26 23:12:42,2025-02-28 13:12:42
CHT00419,S0220,CT00006,2024-02-14 05:32:49,2024-02-14 09:32:49
CHT00420,S0204,CT00001,2025-01-28 10:02:37,2025-01-30 05:02:37
CHT00421,S0830,CT00003,2024-11-09 18:24:07,2024-11-10 02:24:07
CHT00422,S0145,CT00004,2024-07-31 02:30:19,2024-08-01 12:30:19
CHT00423,S0736,CT00001,2024-04-20 17:35:01,2024-04-21 07:35:01
CHT00424,S0428,CT00001,2024-05-06 07:43:14,2024-05-06 12:43:14
CHT00425,S0237,CT00002,2024-01-19 13:48:24,2024-01-21 01:48:24
CHT00426,S0179,CT00002,2024-04-05 05:56:23,2024-04-05 22:56:23
CHT00427,S0805,CT00001,2024-11-01 19:28:43,2024-11-03 15:28:43
CHT00428,S0685,CT00003,2024-04-25 08:38:44,2024-04-25 13:38:44
CHT00429,S0994,CT00006,2024-09-13 15:39:34,2024-09-15 15:39:34
CHT00430,S0442,CT00006,2024-10-06 08:10:24,2024-10-06 16:10:24
CHT00431,S0020,CT00004,2025-01-03 13:06:29,2025-01-04 13:06:29
CHT00432,S0563,CT00004,2024-06-19 09:36:55,2024-06-20 03:36:55
CHT00433,S0187,CT00003,2024-09-28 09:40:46,2024-09-30 09:40:46
CHT00434,S0328,CT00003,2024-02-13 06:35:37,2024-02-14 13:35:37
CHT00435,S0131,CT00005,2024-08-12 14:59:21,2024-08-13 09:59:21
CHT00436,S0471,CT00005,2024-03-26 16:26:27,2024-03-27 10:26:27
CHT00437,S0044,CT00005,2025-03-07 19:22:49,2025-03-09 01:22:49
CHT00438,S0556,CT00003,2024-10-30 15:31:45,2024-10-30 19:31:45
CHT00439,S0338,CT00002,2024-05-27 14:27:34,2024-05-28 00:27:34
CHT00440,S0326,CT00004,2024-05-09 21:48:54,2024-05-11 17:48:54
CHT00441,S0402,CT00006,2024-06-16 01:59:37,2024-06-16 06:59:37
CHT00442,S0925,CT00005,2024-03-30 19:14:28,2024-03-30 23:14:28
CHT00443,S0552,CT00004,2025-03-28 15:28:13,2025-03-29 16:28:13
CHT00444,S0252,CT00001,2024-01-20 13:30:40,2024-01-20 20:30:40
CHT00445,S0871,CT00005,2024-06-04 20:35:05,2024-06-06 13:35:05
CHT00446,S0367,CT00006,2024-07-23 14:21:51,2024-07-24 14:21:51
CHT00447,S0516,CT00006,2024-08-13 15:48:00,2024-08-15 06:48:00
CHT00448,S0786,CT00006,2024-05-03 10:37:17,2024-05-05 06:37:17
CHT00449,S0906,CT00001,2024-08-16 02:36:02,2024-08-16 11:36:02
CHT00450,S0657,CT00004,2024-01-12 14:54:59,2024-01-13 18:54:59
CHT00451,S0895,CT00006,2025-03-08 05:01:43,2025-03-09 21:01:43
CHT00452,S0722,CT00006,2024-01-21 08:48:06,2024-01-22 04:48:06
CHT00453,S0465,CT00002,2024-02-07 01:10:39,2024-02-08 03:10:39
CHT00454,S0154,CT00002,2025-01-06 02:10:10,2025-01-07 11:10:10
CHT00455,S0058,CT00001,2024-02-29 21:58:04,2024-03-02 02:58:04
CHT00456,S0160,CT00004,2024-11-27 05:13:22,2024-11-28 03:13:22
CHT00457,S0588,CT00003,2024-06-08 15:26:37,2024-06-10 09:26:37
CHT00458,S0166,CT00006,2024-03-13 20:00:07,2024-03-15 02:00:07
CHT00459,S0799,CT00006,2024-11-17 03:27:37,2024-11-17 23:27:37
CHT00460,S0643,CT00001,2025-02-10 07:10:09,2025-02-11 00:10:09
CHT00461,S0321,CT00006,2025-01-03 04:08:37,2025-01-03 05:08:37
CHT00462,S0358,CT00003,2024-07-24 03:15:50,2024-07-25 22:15:50
CHT00463,S0945,CT00003,2025-02-08 11:57:15,2025-02-08 20:57:15
CHT00464,S1000,CT00004,2024-12-01 10:34:27,2024-12-03 08:34:27
CHT00465,S0493,CT00006,2024-09-26 21:07:37,2024-09-27 14:07:37
CHT00466,S0515,CT00006,2024-06-26 13:48:39,2024-06-28 00:48:39
CHT00467,S0359,CT00003,2024-01-31 06:55:22,2024-02-01 08:55:22
CHT00468,S0769,CT00001,2024-12-30 03:42:52,2024-12-30 22:42:52
CHT00469,S0062,CT00002,2025-01-11 06:08:28,2025-01-12 02:08:28
CHT00470,S0007,CT00001,2024-12-03 15:07:01,2024-12-04 06:07:01
CHT00471,S0149,CT00004,2024-07-21 09:23:55,2024-07-21 16:23:55
CHT00472,S0144,CT00006,2024-06-23 00:39:36,2024-06-23 12:39:36
CHT00473,S0212,CT00004,2024-10-31 16:50:48,2024-11-02 07:50:48
CHT00474,S0132,CT00001,2025-02-25 05:04:06,2025-02-26 22:04:06
CHT00475,S0343,CT00003,2025-02-11 17:44:43,2025-02-12 20:44:43
CHT00476,S0608,CT00002,2024-11-11 12:30:52,2024-11-12 19:30:52
CHT00477,S0812,CT00002,2024-12-12 23:41:45,2024-12-13 08:41:45
CHT00478,S0188,CT00004,2024-06-04 11:17:21,2024-06-06 04:17:21
CHT00479,S0442,CT00003,2024-11-07 06:52:28,2024-11-08 04:52:28
CHT00480,S0740,CT00003,2024-02-08 13:09:31,2024-02-08 17:09:31
CHT00481,S0857,CT00001,2024-07-31 02:30:04,2024-07-31 15:30:04
CHT00482,S0970,CT00002,2024-01-11 14:21:15,2024-01-11 23:21:15
CHT00483,S0427,CT00004,2024-08-16 14:21:56,2024-08-17 12:21:56
CHT00484,S0156,CT00004,2024-07-11 07:11:04,2024-07-11 19:11:04
CHT00485,S0230,CT00005,2024-03-23 06:53:58,2024-03-23 20:53:58
CHT00486,S0889,CT00001,2024-02-18 02:56:58,2024-02-19 07:56:58
CHT00487,S0019,CT00006,2024-10-06 02:22:08,2024-10-07 09:22:08
CHT00488,S0280,CT00003,2024-05-12 01:59:00,2024-05-12 16:59:00
CHT00489,S0767,CT00005,2024-08-28 21:05:15,2024-08-30 04:05:15
CHT00490,S0598,CT00003,2024-10-18 14:11:44,2024-10-20 08:11:44
CHT00491,S0188,CT00001,2024-04-22 12:34:11,2024-04-23 06:34:11
CHT00492,S0351,CT00005,2024-08-30 05:00:08,2024-09-01 04:00:08
CHT00493,S0221,CT00002,2024-06-26 10:28:00,2024-06-27 15:28:00
CHT00494,S0223,CT00005,2024-02-10 12:41:59,2024-02-12 04:41:59
CHT00495,S0936,CT00003,2024-03-03 02:19:39,2024-03-04 06:19:39
CHT00496,S0035,CT00003,2024-11-11 14:35:40,2024-11-12 19:35:40
CHT00497,S0051,CT00004,2024-04-19 15:03:21,2024-04-20 13:03:21
CHT00498,S0438,CT00002,2024-06-22 08:14:53,2024-06-23 03:14:53
CHT00499,S0472,CT00001,2025-01-24 15:52:14,2025-01-25 09:52:14
CHT00500,S0955,CT00004,2024-04-12 20:04:44,2024-04-14 05:04:44
CHT00501,S0558,CT00005,2025-01-19 14:44:57,2025-01-20 06:44:57
CHT00502,S0638,CT00002,2024-02-28 23:45:53,2024-03-01 18:45:53
CHT00503,S0901,CT00006,2024-03-16 05:46:13,2024-03-18 05:46:13
CHT00504,S0318,CT00003,2024-10-05 02:46:13,2024-10-06 03:46:13
CHT00505,S0081,CT00003,2024-06-01 09:45:45,2024-06-02 07:45:45
CHT00506,S0019,CT00005,2025-02-06 03:44:59,2025-02-07 17:44:59
CHT00507,S0910,CT00001,2024-01-29 01:35:13,2024-01-29 10:35:13
CHT00508,S0245,CT00001,2024-12-19 08:55:35,2024-12-20 10:55:35
CHT00509,S0005,CT00006,2025-03-30 21:01:04,2025-04-01 09:01:04
CHT00510,S0241,CT00001,2025-01-29 20:26:58,2025-01-30 13:26:58
CHT00511,S0865,CT00002,2024-02-16 12:11:46,2024-02-16 13:11:46
CHT00512,S0449,CT00003,2024-05-21 00:49:30,2024-05-22 16:49:30
CHT00513,S0760,CT00005,2024-06-19 16:06:07,2024-06-21 01:06:07
CHT00514,S0405,CT00002,2024-12-06 18:43:42,2024-12-06 20:43:42
CHT00515,S0275,CT00001,2024-01-14 01:43:17,2024-01-15 12:43:17
CHT00516,S0755,CT00003,2024-09-19 08:35:12,2024-09-19 14:35:12
CHT00517,S0648,CT00005,2024-07-28 10:20:00,2024-07-28 13:20:00
CHT00518,S0982,CT00004,2024-10-21 12:49:37,2024-10-22 13:49:37
CHT00519,S0632,CT00006,2024-04-29 00:31:01,2024-04-29 22:31:01
CHT00520,S0533,CT00002,2024-07-02 12:17:48,2024-07-03 13:17:48
CHT00521,S0821,CT00005,2025-02-04 00:53:59,2025-02-04 13:53:59
CHT00522,S0658,CT00001,2024-02-15 16:56:42,2024-02-17 05:56:42
CHT00523,S0572,CT00001,2024-06-28 14:27:31,2024-06-29 02:27:31
CHT00524,S0127,CT00004,2024-11-14 06:55:36,2024-11-15 07:55:36
CHT00525,S0383,CT00006,2024-06-13 13:48:44,2024-06-15 13:48:44
CHT00526,S0861,CT00006,2024-08-15 01:10:47,2024-08-15 21:10:47
CHT00527,S0115,CT00005,2025-03-16 15:18:19,2025-03-18 09:18:19
CHT00528,S0614,CT00004,2024-08-13 03:35:21,2024-08-14 05:35:21
CHT00529,S0966,CT00002,2024-12-18 16:09:47,2024-12-20 02:09:47
CHT00530,S0565,CT00005,2024-07-06 03:45:06,2024-07-06 15:45:06
CHT00531,S0471,CT00004,2025-01-07 00:06:54,2025-01-08 22:06:54
CHT00532,S0313,CT00001,2024-07-07 00:42:26,2024-07-08 10:42:26
CHT00533,S0661,CT00004,2024-09-18 15:16:19,2024-09-18 17:16:19
CHT00534,S0294,CT00003,2025-03-17 01:33:58,2025-03-17 16:33:58
CHT00535,S0846,CT00004,2024-03-05 22:55:44,2024-03-06 23:55:44
CHT00536,S0368,CT00001,2024-09-07 20:23:56,2024-09-09 14:23:56
CHT00537,S0528,CT00001,2024-08-12 10:25:30,2024-08-14 00:25:30
CHT00538,S0265,CT00001,2025-02-12 03:28:43,2025-02-12 11:28:43
CHT00539,S0549,CT00002,2024-08-27 00:46:28,2024-08-27 17:46:28
CHT00540,S0696,CT00004,2024-07-12 18:02:32,2024-07-14 18:02:32
CHT00541,S0547,CT00003,2024-12-25 03:57:35,2024-12-26 14:57:35
CHT00542,S0425,CT00001,2025-03-01 01:41:32,2025-03-01 20:41:32
CHT00543,S0805,CT00001,2025-02-06 13:56:55,2025-02-07 20:56:55
CHT00544,S0739,CT00005,2024-05-25 20:11:41,2024-05-26 13:11:41
CHT00545,S0255,CT00001,2024-05-02 13:29:50,2024-05-04 13:29:50
CHT00546,S0314,CT00001,2024-04-30 15:21:29,2024-05-02 10:21:29
CHT00547,S0631,CT00004,2024-08-30 19:06:07,2024-09-01 16:06:07
CHT00548,S0998,CT00004,2024-05-25 10:42:49,2024-05-27 06:42:49
CHT00549,S0376,CT00004,2024-02-16 05:38:24,2024-02-17 19:38:24
CHT00550,S0915,CT00006,2024-11-25 03:34:54,2024-11-25 04:34:54
CHT00551,S0225,CT00006,2024-06-18 09:41:57,2024-06-19 21:41:57
CHT00552,S0085,CT00006,2024-05-05 11:15:15,2024-05-06 07:15:15
CHT00553,S0061,CT00001,2024-07-10 06:37:22,2024-07-10 13:37:22
CHT00554,S0922,CT00004,2024-01-24 19:44:15,2024-01-25 12:44:15
CHT00555,S0141,CT00002,2024-08-31 01:35:43,2024-09-01 16:35:43
CHT00556,S0959,CT00001,2024-02-02 20:37:30,2024-02-04 01:37:30
CHT00557,S0005,CT00001,2024-12-06 05:54:48,2024-12-06 10:54:48
CHT00558,S0817,CT00005,2024-07-25 23:33:48,2024-07-27 08:33:48
CHT00559,S0064,CT00004,2024-03-17 02:31:32,2024-03-18 17:31:32
CHT00560,S0470,CT00005,2024-05-31 00:06:11,2024-06-01 22:06:11
CHT00561,S0210,CT00003,2024-09-27 03:58:52,2024-09-28 23:58:52
CHT00562,S0727,CT00004,2024-09-20 14:49:14,2024-09-20 23:49:14
CHT00563,S0006,CT00003,2024-03-20 00:59:14,2024-03-21 09:59:14
CHT00564,S0253,CT00006,2025-02-11 22:32:12,2025-02-12 14:32:12
CHT00565,S0727,CT00001,2024-08-22 20:17:26,2024-08-23 07:17:26
CHT00566,S0833,CT00001,2025-01-20 04:01:38,2025-01-20 22:01:38
CHT00567,S0643,CT00002,2024-02-04 13:20:00,2024-02-06 02:20:00
CHT00568,S0239,CT00006,2025-03-27 08:49:15,2025-03-28 01:49:15
CHT00569,S0668,CT00003,2024-10-18 03:01:51,2024-10-19 06:01:51
CHT00570,S0430,CT00002,2025-02-11 14:14:59,2025-02-12 13:14:59
CHT00571,S0340,CT00003,2024-11-27 15:47:15,2024-11-27 16:47:15
CHT00572,S0251,CT00004,2024-09-06 08:13:45,2024-09-08 01:13:45
CHT00573,S0643,CT00006,2024-03-27 18:39:16,2024-03-29 16:39:16
CHT00574,S0400,CT00002,2024-11-18 14:29:55,2024-11-20 11:29:55
CHT00575,S0607,CT00004,2024-06-01 09:20:58,2024-06-02 05:20:58
CHT00576,S0483,CT00002,2024-11-24 04:47:07,2024-11-25 08:47:07
CHT00577,S0325,CT00002,2024-10-02 18:42:12,2024-10-03 20:42:12
CHT00578,S0077,CT00006,2024-08-03 23:02:18,2024-08-04 05:02:18
CHT00579,S0181,CT00004,2024-09-23 05:07:28,2024-09-23 22:07:28
CHT00580,S0726,CT00002,2024-10-08 13:40:57,2024-10-09 09:40:57
CHT00581,S0706,CT00003,2024-02-08 21:14:19,2024-02-10 15:14:19
CHT00582,S0317,CT00002,2024-12-04 11:38:52,2024-12-05 20:38:52
CHT00583,S0518,CT00004,2024-03-02 07:47:55,2024-03-03 05:47:55
CHT00584,S0440,CT00003,2024-09-19 15:01:08,2024-09-20 21:01:08
CHT00585,S0338,CT00006,2024-11-21 12:22:38,2024-11-23 07:22:38
CHT00586,S0293,CT00002,2024-01-09 11:20:27,2024-01-09 14:20:27
CHT00587,S0253,CT00006,2024-05-17 05:00:14,2024-05-18 03:00:14
CHT00588,S0193,CT00002,2024-03-18 17:33:01,2024-03-19 05:33:01
CHT00589,S0269,CT00003,2024-08-20 19:59:19,2024-08-21 11:59:19
CHT00590,S0464,CT00003,2024-11-12 08:20:39,2024-11-13 06:20:39
CHT00591,S0564,CT00003,2024-04-08 11:16:46,2024-04-09 19:16:46
CHT00592,S0609,CT00005,2024-03-20 07:38:05,2024-03-20 10:38:05
CHT00593,S0487,CT00001,2025-01-19 03:55:42,2025-01-19 05:55:42
CHT00594,S0553,CT00003,2025-01-01 16:01:44,2025-01-01 23:01:44
CHT00595,S0990,CT00006,2024-12-13 06:15:27,2024-12-13 10:15:27
CHT00596,S0822,CT00004,2024-03-01 11:50:12,2024-03-01 18:50:12
CHT00597,S0613,CT00001,2024-01-14 21:26:13,2024-01-14 22:26:13
CHT00598,S0647,CT00005,2024-04-29 20:27:21,2024-05-01 13:27:21
CHT00599,S0114,CT00002,2025-02-07 01:04:01,2025-02-07 23:04:01
CHT00600,S0931,CT00004,2024-04-13 22:49:07,2024-04-14 15:49:07
CHT00601,S0540,CT00006,2025-02-24 17:27:58,2025-02-25 15:27:58
CHT00602,S0594,CT00005,2024-07-18 12:36:47,2024-07-19 01:36:47
CHT00603,S0686,CT00001,2024-11-30 23:26:58,2024-12-01 04:26:58
CHT00604,S0902,CT00003,2024-07-01 10:23:06,2024-07-03 06:23:06
CHT00605,S0996,CT00002,2025-02-01 12:07:04,2025-02-02 09:07:04
CHT00606,S0066,CT00005,2024-05-05 19:21:29,2024-05-06 15:21:29
CHT00607,S0027,CT00006,2024-04-06 06:46:51,2024-04-07 22:46:51
CHT00608,S0449,CT00006,2025-02-20 08:22:05,2025-02-21 21:22:05
CHT00609,S0861,CT00006,2025-02-28 08:20:25,2025-03-01 10:20:25
CHT00610,S0161,CT00005,2024-12-06 11:19:24,2024-12-07 04:19:24
CHT00611,S0265,CT00005,2024-03-09 03:08:49,2024-03-11 03:08:49
CHT00612,S0537,CT00001,2024-01-31 17:41:29,2024-01-31 22:41:29
CHT00613,S0260,CT00002,2024-03-20 08:14:52,2024-03-20 13:14:52
CHT00614,S0023,CT00002,2025-02-17 02:32:53,2025-02-18 14:32:53
CHT00615,S0321,CT00002,2024-05-02 08:59:56,2024-05-02 23:59:56
CHT00616,S0179,CT00001,2024-11-10 04:34:05,2024-11-11 15:34:05
CHT00617,S0429,CT00002,2024-11-18 11:43:50,2024-11-20 00:43:50
CHT00618,S0811,CT00003,2024-05-24 12:48:17,2024-05-24 20:48:17
CHT00619,S0776,CT00001,2024-07-30 13:14:00,2024-07-30 22:14:00
CHT00620,S0231,CT00004,2024-01-15 07:49:18,2024-01-16 23:49:18
CHT00621,S0440,CT00005,2025-02-06 20:03:44,2025-02-07 02:03:44
CHT00622,S0805,CT00001,2024-01-24 09:01:55,2024-01-25 12:01:55
CHT00623,S0398,CT00001,2024-12-12 16:19:15,2024-12-13 23:19:15
CHT00624,S0991,CT00001,2024-05-13 16:46:48,2024-05-15 04:46:48
CHT00625,S0428,CT00005,2024-12-31 05:28:35,2025-01-01 02:28:35
CHT00626,S0292,CT00006,2024-11-19 05:10:47,2024-11-21 00:10:47
CHT00627,S0149,CT00005,2024-11-16 04:09:19,2024-11-16 10:09:19
CHT00628,S0332,CT00005,2024-08-05 04:53:48,2024-08-07 02:53:48
CHT00629,S0716,CT00004,2025-02-04 15:25:45,2025-02-06 10:25:45
CHT00630,S0068,CT00001,2024-05-20 09:19:58,2024-05-21 10:19:58
CHT00631,S0846,CT00002,2024-04-11 23:22:55,2024-04-13 11:22:55
CHT00632,S0748,CT00002,2025-02-28 15:31:32,2025-03-02 03:31:32
CHT00633,S0362,CT00004,2024-02-18 15:41:51,2024-02-20 02:41:51
CHT00634,S0054,CT00005,2024-12-07 16:02:26,2024-12-09 16:02:26
CHT00635,S0582,CT00004,2024-08-13 22:55:52,2024-08-15 09:55:52
CHT00636,S0953,CT00005,2024-10-31 12:38:31,2024-11-02 08:38:31
CHT00637,S0207,CT00001,2024-10-05 11:33:22,2024-10-06 04:33:22
CHT00638,S0716,CT00005,2024-12-31 20:18:23,2025-01-01 03:18:23
CHT00639,S0446,CT00006,2024-09-20 06:15:05,2024-09-20 11:15:05
CHT00640,S0616,CT00002,2024-09-07 03:53:22,2024-09-07 11:53:22
CHT00641,S0767,CT00001,2025-01-09 03:11:23,2025-01-09 10:11:23
CHT00642,S0732,CT00006,2024-06-02 07:23:46,2024-06-03 19:23:46
CHT00643,S0695,CT00005,2024-07-07 08:08:06,2024-07-08 22:08:06
CHT00644,S0720,CT00006,2024-11-15 09:39:48,2024-11-16 21:39:48
CHT00645,S0851,CT00006,2024-11-19 04:23:17,2024-11-20 03:23:17
CHT00646,S0251,CT00001,2024-03-28 04:06:42,2024-03-30 03:06:42
CHT00647,S0705,CT00005,2024-09-15 13:34:53,2024-09-16 22:34:53
CHT00648,S0392,CT00001,2024-03-10 07:00:47,2024-03-11 05:00:47
CHT00649,S0923,CT00002,2024-07-15 20:21:34,2024-07-17 09:21:34
CHT00650,S0499,CT00005,2025-01-06 08:13:28,2025-01-07 20:13:28
CHT00651,S0124,CT00004,2024-10-16 20:39:54,2024-10-17 04:39:54
CHT00652,S0226,CT00006,2024-07-20 04:15:52,2024-07-21 23:15:52
CHT00653,S0019,CT00005,2024-11-10 04:34:51,2024-11-11 15:34:51
CHT00654,S0280,CT00005,2024-10-17 11:40:20,2024-10-18 13:40:20
CHT00655,S0234,CT00004,2024-05-08 05:50:57,2024-05-09 23:50:57
CHT00656,S0452,CT00002,2024-08-11 08:19:21,2024-08-12 00:19:21
CHT00657,S0544,CT00006,2024-09-09 15:52:30,2024-09-09 18:52:30
CHT00658,S0887,CT00004,2024-03-23 02:45:03,2024-03-24 13:45:03
CHT00659,S0150,CT00006,2024-02-01 00:08:28,2024-02-02 23:08:28
CHT00660,S0068,CT00002,2024-11-07 07:39:30,2024-11-08 06:39:30
CHT00661,S0046,CT00004,2025-03-28 05:24:43,2025-03-28 23:24:43
CHT00662,S0415,CT00001,2024-12-22 00:26:07,2024-12-22 18:26:07
CHT00663,S0245,CT00004,2025-03-28 13:27:34,2025-03-30 04:27:34
CHT00664,S0335,CT00001,2024-03-06 22:56:11,2024-03-08 03:56:11
CHT00665,S0817,CT00003,2024-05-02 07:32:56,2024-05-04 00:32:56
CHT00666,S0431,CT00002,2024-05-24 15:00:09,2024-05-25 06:00:09
CHT00667,S0996,CT00003,2024-11-30 09:20:37,2024-12-01 21:20:37
CHT00668,S0999,CT00005,2024-12-08 08:57:35,2024-12-08 16:57:35
CHT00669,S0210,CT00005,2024-07-12 19:25:07,2024-07-13 00:25:07
CHT00670,S0960,CT00001,2024-03-25 05:30:57,2024-03-25 20:30:57
CHT00671,S0788,CT00001,2024-07-01 14:07:54,2024-07-01 20:07:54
CHT00672,S0589,CT00006,2024-06-14 11:44:06,2024-06-14 17:44:06
CHT00673,S0191,CT00005,2024-08-27 18:12:36,2024-08-28 21:12:36
CHT00674,S0642,CT00006,2025-03-30 06:34:24,2025-03-30 22:34:24
CHT00675,S0064,CT00006,2024-04-22 21:58:32,2024-04-23 13:58:32
CHT00676,S0582,CT00006,2025-03-09 14:04:24,2025-03-09 15:04:24
CHT00677,S0071,CT00004,2024-08-23 22:11:23,2024-08-24 04:11:23
CHT00678,S0220,CT00003,2024-05-17 04:43:16,2024-05-17 13:43:16
CHT00679,S0187,CT00002,2024-01-21 10:10:45,2024-01-22 20:10:45
CHT00680,S0437,CT00002,2025-02-07 16:42:49,2025-02-08 04:42:49
CHT00681,S0552,CT00006,2024-11-04 20:31:37,2024-11-05 06:31:37
CHT00682,S0455,CT00004,2024-08-05 14:40:41,2024-08-07 08:40:41
CHT00683,S0944,CT00005,2024-06-07 02:53:11,2024-06-08 23:53:11
CHT00684,S0556,CT00001,2025-01-28 15:24:38,2025-01-30 01:24:38
CHT00685,S0671,CT00006,2024-08-05 09:57:59,2024-08-06 17:57:59
CHT00686,S0334,CT00001,2024-11-14 01:59:04,2024-11-14 14:59:04
CHT00687,S0581,CT00003,2024-08-01 14:11:58,2024-08-02 21:11:58
CHT00688,S0797,CT00004,2024-12-23 01:12:56,2024-12-23 16:12:56
CHT00689,S0480,CT00005,2024-05-16 22:06:49,2024-05-17 18:06:49
CHT00690,S0523,CT00005,2024-06-16 21:00:19,2024-06-18 18:00:19
CHT00691,S0083,CT00003,2024-04-02 12:49:43,2024-04-03 01:49:43
CHT00692,S0968,CT00006,2024-10-03 16:35:48,2024-10-04 21:35:48
CHT00693,S0533,CT00005,2025-03-24 22:29:36,2025-03-26 11:29:36
CHT00694,S0621,CT00001,2024-06-26 19:49:37,2024-06-28 03:49:37
CHT00695,S0167,CT00001,2024-07-06 20:45:01,2024-07-08 16:45:01
CHT00696,S0819,CT00005,2024-09-27 14:28:27,2024-09-27 19:28:27
CHT00697,S0683,CT00003,2024-02-22 20:38:30,2024-02-23 11:38:30
CHT00698,S0296,CT00003,2024-07-24 20:31:47,2024-07-25 19:31:47
CHT00699,S0819,CT00004,2024-09-16 01:04:10,2024-09-16 17:04:10
CHT00700,S0850,CT00001,2024-01-22 03:15:13,2024-01-22 14:15:13
CHT00701,S0708,CT00002,2024-02-01 04:41:29,2024-02-02 06:41:29
CHT00702,S0707,CT00003,2024-02-13 07:10:09,2024-02-13 13:10:09
CHT00703,S0528,CT00001,2024-06-30 01:42:18,2024-06-30 16:42:18
CHT00704,S0085,CT00005,2024-03-31 12:57:20,2024-04-01 20:57:20
CHT00705,S0511,CT00004,2024-12-26 01:10:41,2024-12-27 01:10:41
CHT00706,S0148,CT00005,2024-06-23 01:19:24,2024-06-23 18:19:24
CHT00707,S0549,CT00001,2024-03-13 12:03:13,2024-03-14 21:03:13
CHT00708,S0995,CT00001,2024-06-06 05:58:00,2024-06-06 14:58:00
CHT00709,S0644,CT00002,2025-01-17 12:38:54,2025-01-18 20:38:54
CHT00710,S0390,CT00003,2024-11-12 08:54:13,2024-11-12 20:54:13
CHT00711,S0958,CT00006,2024-11-19 23:04:52,2024-11-21 11:04:52
CHT00712,S0801,CT00002,2024-09-30 11:30:05,2024-10-01 19:30:05
CHT00713,S0567,CT00002,2025-01-11 15:57:47,2025-01-13 15:57:47
CHT00714,S0600,CT00001,2024-03-17 17:55:44,2024-03-19 01:55:44
CHT00715,S0495,CT00005,2024-06-24 12:05:01,2024-06-25 15:05:01
CHT00716,S0636,CT00003,2025-03-18 05:18:43,2025-03-20 05:18:43
CHT00717,S0787,CT00004,2024-09-10 01:52:50,2024-09-11 03:52:50
CHT00718,S0164,CT00002,2025-01-01 23:49:04,2025-01-03 05:49:04
CHT00719,S0940,CT00005,2024-12-22 13:09:49,2024-12-22 19:09:49
CHT00720,S0236,CT00003,2024-06-29 21:53:52,2024-07-01 14:53:52
CHT00721,S0311,CT00001,2024-11-30 06:58:21,2024-12-01 07:58:21
CHT00722,S0293,CT00004,2024-10-26 17:56:09,2024-10-27 21:56:09
CHT00723,S0966,CT00003,2024-07-27 16:52:24,2024-07-29 02:52:24
CHT00724,S0207,CT00005,2024-01-14 15:14:44,2024-01-15 23:14:44
CHT00725,S0246,CT00005,2024-09-23 11:29:14,2024-09-24 10:29:14
CHT00726,S0055,CT00004,2024-04-07 10:43:27,2024-04-09 01:43:27
CHT00727,S0160,CT00005,2024-08-13 21:01:34,2024-08-15 19:01:34
CHT00728,S0968,CT00003,2025-01-19 06:50:56,2025-01-20 08:50:56
CHT00729,S0670,CT00001,2024-08-15 16:38:43,2024-08-16 00:38:43
CHT00730,S0951,CT00006,2024-04-08 15:45:12,2024-04-08 23:45:12
CHT00731,S0468,CT00003,2024-11-20 06:01:34,2024-11-20 21:01:34
CHT00732,S0126,CT00001,2025-01-16 04:58:21,2025-01-17 17:58:21
CHT00733,S0832,CT00006,2025-02-27 16:34:22,2025-02-28 06:34:22
CHT00734,S0685,CT00003,2024-06-07 00:49:13,2024-06-07 05:49:13
CHT00735,S0119,CT00002,2024-08-02 16:42:37,2024-08-02 20:42:37
CHT00736,S0169,CT00005,2024-01-24 01:54:45,2024-01-25 18:54:45
CHT00737,S0373,CT00006,2024-09-15 15:13:37,2024-09-16 16:13:37
CHT00738,S0784,CT00003,2024-09-15 07:02:15,2024-09-16 22:02:15
CHT00739,S0525,CT00003,2025-03-21 00:53:06,2025-03-22 13:53:06
CHT00740,S0766,CT00002,2025-02-09 19:57:38,2025-02-10 00:57:38
CHT00741,S0391,CT00001,2024-06-02 06:58:49,2024-06-04 04:58:49
CHT00742,S0001,CT00004,2024-12-29 03:19:26,2024-12-30 19:19:26
CHT00743,S0333,CT00002,2024-10-31 11:03:29,2024-11-02 01:03:29
CHT00744,S0623,CT00006,2024-03-02 05:03:34,2024-03-02 13:03:34
CHT00745,S0178,CT00001,2024-02-11 20:34:29,2024-02-12 16:34:29
CHT00746,S0833,CT00006,2024-09-21 20:59:09,2024-09-23 13:59:09
CHT00747,S0835,CT00004,2024-02-26 13:24:55,2024-02-26 18:24:55
CHT00748,S0725,CT00004,2024-11-16 11:15:38,2024-11-17 09:15:38
CHT00749,S0298,CT00001,2024-01-02 10:36:43,2024-01-02 20:36:43
CHT00750,S0517,CT00004,2024-06-16 11:20:28,2024-06-16 15:20:28
CHT00751,S0316,CT00002,2024-05-23 01:59:38,2024-05-23 10:59:38
CHT00752,S0618,CT00006,2025-02-10 07:11:06,2025-02-11 21:11:06
CHT00753,S0262,CT00004,2024-01-03 12:28:42,2024-01-03 18:28:42
CHT00754,S0143,CT00003,2024-04-25 21:38:40,2024-04-25 22:38:40
CHT00755,S0740,CT00003,2024-03-26 00:35:18,2024-03-27 09:35:18
CHT00756,S0420,CT00006,2024-10-19 13:50:02,2024-10-19 21:50:02
CHT00757,S0365,CT00001,2024-06-04 22:28:54,2024-06-06 18:28:54
CHT00758,S0284,CT00004,2024-08-01 08:49:14,2024-08-01 17:49:14
CHT00759,S0958,CT00004,2024-09-07 18:44:31,2024-09-09 00:44:31
CHT00760,S0817,CT00005,2024-08-04 20:37:09,2024-08-06 18:37:09
CHT00761,S0716,CT00004,2024-04-23 04:51:11,2024-04-24 09:51:11
CHT00762,S0715,CT00006,2024-11-28 18:11:54,2024-11-30 00:11:54
CHT00763,S0912,CT00002,2024-05-23 08:12:17,2024-05-24 19:12:17
CHT00764,S0044,CT00006,2024-09-21 21:16:18,2024-09-23 02:16:18
CHT00765,S0490,CT00005,2024-05-27 08:55:37,2024-05-28 17:55:37
CHT00766,S0561,CT00004,2024-06-19 20:28:54,2024-06-21 03:28:54
CHT00767,S0031,CT00003,2024-10-07 01:31:44,2024-10-08 08:31:44
CHT00768,S0484,CT00005,2024-12-02 00:56:43,2024-12-03 21:56:43
CHT00769,S0503,CT00006,2024-12-18 11:42:08,2024-12-18 18:42:08
CHT00770,S0984,CT00004,2024-09-05 22:19:53,2024-09-06 05:19:53
CHT00771,S0585,CT00004,2024-06-14 23:35:32,2024-06-15 14:35:32
CHT00772,S0445,CT00005,2024-03-15 01:01:57,2024-03-16 00:01:57
CHT00773,S0015,CT00001,2025-02-01 03:10:43,2025-02-02 12:10:43
CHT00774,S0067,CT00005,2024-11-11 02:47:07,2024-11-11 07:47:07
CHT00775,S0437,CT00006,2024-07-05 15:20:07,2024-07-06 16:20:07
CHT00776,S0786,CT00004,2024-08-26 08:11:10,2024-08-28 02:11:10
CHT00777,S0226,CT00001,2024-06-14 04:27:35,2024-06-14 11:27:35
CHT00778,S0547,CT00001,2024-09-11 14:15:10,2024-09-13 08:15:10
CHT00779,S0282,CT00006,2024-07-22 18:24:02,2024-07-24 12:24:02
CHT00780,S0954,CT00006,2024-07-29 07:16:25,2024-07-29 11:16:25
CHT00781,S0638,CT00004,2024-06-16 08:36:59,2024-06-16 09:36:59
CHT00782,S0371,CT00001,2024-04-03 05:39:02,2024-04-05 02:39:02
CHT00783,S0661,CT00005,2024-05-28 11:10:13,2024-05-29 09:10:13
CHT00784,S0839,CT00004,2024-05-27 10:21:29,2024-05-27 17:21:29
CHT00785,S0189,CT00006,2025-03-29 22:30:36,2025-03-30 05:30:36
CHT00786,S0778,CT00001,2024-02-18 11:26:17,2024-02-20 06:26:17
CHT00787,S0785,CT00005,2024-03-17 07:09:36,2024-03-17 23:09:36
CHT00788,S0596,CT00005,2025-01-31 03:56:54,2025-02-01 18:56:54
CHT00789,S0898,CT00006,2024-10-18 10:13:06,2024-10-20 01:13:06
CHT00790,S0036,CT00003,2025-02-20 15:19:49,2025-02-22 10:19:49
CHT00791,S0678,CT00003,2024-03-19 22:11:11,2024-03-21 01:11:11
CHT00792,S0896,CT00004,2024-05-23 03:16:53,2024-05-24 18:16:53
CHT00793,S0165,CT00001,2024-07-15 14:28:35,2024-07-15 16:28:35
CHT00794,S0679,CT00004,2025-03-20 09:01:27,2025-03-21 04:01:27
CHT00795,S0327,CT00006,2024-12-11 09:09:49,2024-12-12 21:09:49
CHT00796,S0090,CT00002,2024-04-30 00:25:07,2024-04-30 08:25:07
CHT00797,S0593,CT00002,2025-03-19 22:25:08,2025-03-20 02:25:08
CHT00798,S0832,CT00006,2024-09-22 03:19:25,2024-09-23 19:19:25
CHT00799,S0322,CT00002,2025-03-29 04:00:36,2025-03-31 02:00:36
CHT00800,S0087,CT00001,2024-07-16 15:20:30,2024-07-18 07:20:30
CHT00801,S0213,CT00004,2024-09-13 13:41:05,2024-09-14 09:41:05
CHT00802,S0559,CT00006,2025-01-12 21:46:45,2025-01-14 17:46:45
CHT00803,S0365,CT00003,2024-09-24 13:01:25,2024-09-25 15:01:25
CHT00804,S0457,CT00004,2024-05-04 17:29:13,2024-05-06 17:29:13
CHT00805,S0415,CT00001,2024-09-26 21:45:29,2024-09-27 13:45:29
CHT00806,S0170,CT00004,2024-08-01 09:49:04,2024-08-03 07:49:04
CHT00807,S0758,CT00002,2024-03-09 02:23:58,2024-03-11 02:23:58
CHT00808,S0657,CT00001,2025-01-24 03:00:42,2025-01-25 00:00:42
CHT00809,S0969,CT00003,2025-03-14 07:45:24,2025-03-15 21:45:24
CHT00810,S0934,CT00003,2024-07-04 06:28:16,2024-07-05 00:28:16
CHT00811,S0291,CT00003,2024-01-13 23:28:07,2024-01-15 02:28:07
CHT00812,S0935,CT00001,2024-01-20 19:48:15,2024-01-21 11:48:15
CHT00813,S0077,CT00004,2024-08-13 18:46:51,2024-08-15 07:46:51
CHT00814,S0788,CT00005,2025-03-31 13:19:57,2025-04-02 05:19:57
CHT00815,S0795,CT00005,2024-02-04 06:05:30,2024-02-05 22:05:30
CHT00816,S0592,CT00006,2024-12-13 17:09:54,2024-12-15 00:09:54
CHT00817,S0732,CT00001,2024-07-01 05:29:29,2024-07-01 13:29:29
CHT00818,S0298,CT00004,2025-03-03 04:39:42,2025-03-04 11:39:42
CHT00819,S0231,CT00005,2024-01-13 01:18:24,2024-01-14 17:18:24
CHT00820,S0459,CT00002,2025-01-29 11:28:40,2025-01-29 19:28:40
CHT00821,S0032,CT00002,2024-01-11 18:47:12,2024-01-12 10:47:12
CHT00822,S0399,CT00003,2024-02-19 16:35:59,2024-02-21 00:35:59
CHT00823,S0174,CT00003,2024-10-02 18:59:32,2024-10-03 16:59:32
CHT00824,S0456,CT00001,2025-02-04 16:33:14,2025-02-05 15:33:14
CHT00825,S0181,CT00005,2024-02-28 02:16:57,2024-02-28 17:16:57
CHT00826,S0738,CT00002,2024-11-25 02:24:48,2024-11-25 20:24:48
CHT00827,S0351,CT00003,2025-02-16 07:28:56,2025-02-17 01:28:56
CHT00828,S0972,CT00003,2024-07-29 22:32:20,2024-07-31 17:32:20
CHT00829,S0428,CT00002,2024-05-12 09:31:21,2024-05-13 15:31:21
CHT00830,S0850,CT00002,2024-07-16 10:42:03,2024-07-16 15:42:03
CHT00831,S0461,CT00001,2024-07-01 09:22:04,2024-07-02 17:22:04
CHT00832,S0049,CT00005,2024-05-18 09:01:45,2024-05-18 14:01:45
CHT00833,S0245,CT00002,2024-07-25 18:43:40,2024-07-26 07:43:40
CHT00834,S0425,CT00005,2025-02-20 15:42:34,2025-02-21 17:42:34
CHT00835,S0138,CT00006,2024-02-29 07:06:08,2024-02-29 16:06:08
CHT00836,S0999,CT00003,2025-03-29 10:57:51,2025-03-31 05:57:51
CHT00837,S0702,CT00003,2025-02-18 11:26:37,2025-02-18 21:26:37
CHT00838,S0351,CT00002,2024-05-06 15:15:39,2024-05-07 15:15:39
CHT00839,S0018,CT00004,2024-10-28 12:39:16,2024-10-29 08:39:16
CHT00840,S0887,CT00003,2024-08-21 20:42:57,2024-08-22 09:42:57
CHT00841,S0901,CT00004,2025-01-30 09:16:17,2025-01-31 13:16:17
CHT00842,S0600,CT00006,2024-06-25 16:58:56,2024-06-26 09:58:56
CHT00843,S0374,CT00003,2025-02-20 17:49:38,2025-02-21 05:49:38
CHT00844,S0650,CT00003,2024-06-14 05:18:31,2024-06-14 16:18:31
CHT00845,S0989,CT00002,2024-11-06 13:52:09,2024-11-06 23:52:09
CHT00846,S0735,CT00001,2024-11-07 10:05:56,2024-11-09 00:05:56
CHT00847,S0556,CT00002,2024-09-20 17:50:41,2024-09-22 10:50:41
CHT00848,S0811,CT00003,2024-08-10 18:23:36,2024-08-12 15:23:36
CHT00849,S0696,CT00004,2024-04-30 05:04:43,2024-05-01 10:04:43
CHT00850,S0880,CT00003,2024-01-03 18:44:23,2024-01-04 13:44:23
CHT00851,S0817,CT00002,2024-09-01 13:45:27,2024-09-02 09:45:27
CHT00852,S0391,CT00006,2025-02-12 03:51:28,2025-02-13 09:51:28
CHT00853,S0132,CT00006,2025-03-07 19:17:38,2025-03-08 12:17:38
CHT00854,S0147,CT00004,2025-01-21 04:31:47,2025-01-22 07:31:47
CHT00855,S0803,CT00004,2024-09-29 00:42:59,2024-09-30 23:42:59
CHT00856,S0162,CT00005,2024-06-02 04:43:06,2024-06-02 18:43:06
CHT00857,S0293,CT00005,2024-01-02 13:08:21,2024-01-03 11:08:21
CHT00858,S0600,CT00003,2024-11-02 17:49:39,2024-11-03 12:49:39
CHT00859,S0413,CT00003,2024-07-09 00:05:35,2024-07-09 02:05:35
CHT00860,S0029,CT00006,2024-10-29 17:10:13,2024-10-31 05:10:13
CHT00861,S0289,CT00005,2024-01-01 07:45:14,2024-01-02 08:45:14
CHT00862,S0242,CT00001,2024-10-12 09:10:38,2024-10-14 01:10:38
CHT00863,S0521,CT00003,2024-04-12 11:56:37,2024-04-12 18:56:37
CHT00864,S0249,CT00005,2024-05-06 04:03:56,2024-05-06 22:03:56
CHT00865,S0073,CT00003,2024-06-13 00:52:51,2024-06-13 12:52:51
CHT00866,S0978,CT00003,2024-03-09 15:23:14,2024-03-10 20:23:14
CHT00867,S0148,CT00006,2024-04-11 07:34:09,2024-04-13 07:34:09
CHT00868,S0016,CT00003,2025-02-19 13:33:03,2025-02-20 21:33:03
CHT00869,S0509,CT00006,2024-08-15 14:56:48,2024-08-16 14:56:48
CHT00870,S0963,CT00006,2024-07-24 01:24:47,2024-07-25 05:24:47
CHT00871,S0518,CT00001,2024-02-17 16:06:57,2024-02-19 12:06:57
CHT00872,S0826,CT00002,2024-02-05 00:51:54,2024-02-06 01:51:54
CHT00873,S0874,CT00001,2024-11-06 22:29:08,2024-11-08 16:29:08
CHT00874,S0866,CT00006,2024-06-21 22:21:50,2024-06-23 09:21:50
CHT00875,S0728,CT00002,2024-01-27 10:59:56,2024-01-29 07:59:56
CHT00876,S0921,CT00004,2024-07-11 22:49:36,2024-07-13 00:49:36
CHT00877,S0343,CT00004,2025-01-09 08:49:40,2025-01-11 00:49:40
CHT00878,S0582,CT00005,2024-08-31 19:50:45,2024-09-01 14:50:45
CHT00879,S0970,CT00002,2024-03-11 17:44:31,2024-03-11 19:44:31
CHT00880,S0668,CT00006,2024-09-16 12:05:44,2024-09-17 23:05:44
CHT00881,S0045,CT00004,2024-09-23 22:21:40,2024-09-24 00:21:40
CHT00882,S0333,CT00004,2024-06-28 03:45:22,2024-06-28 08:45:22
CHT00883,S0701,CT00006,2024-10-25 09:26:58,2024-10-26 16:26:58
CHT00884,S0870,CT00002,2024-10-16 07:19:39,2024-10-16 19:19:39
CHT00885,S0077,CT00001,2024-08-14 21:49:00,2024-08-15 20:49:00
CHT00886,S0845,CT00006,2025-02-15 21:47:14,2025-02-16 09:47:14
CHT00887,S0863,CT00004,2024-02-28 10:27:45,2024-02-29 01:27:45
CHT00888,S0099,CT00001,2024-08-19 22:04:22,2024-08-21 21:04:22
CHT00889,S0388,CT00006,2025-02-22 18:08:17,2025-02-24 01:08:17
CHT00890,S0575,CT00006,2024-06-29 00:04:28,2024-06-30 11:04:28
CHT00891,S0777,CT00001,2025-03-16 17:58:52,2025-03-18 09:58:52
CHT00892,S0696,CT00003,2024-01-21 02:05:20,2024-01-21 14:05:20
CHT00893,S0510,CT00002,2024-10-17 06:26:08,2024-10-18 02:26:08
CHT00894,S0824,CT00006,2024-12-14 08:55:29,2024-12-15 18:55:29
CHT00895,S0855,CT00003,2024-02-11 12:48:42,2024-02-11 14:48:42
CHT00896,S0159,CT00006,2024-10-02 04:28:12,2024-10-02 09:28:12
CHT00897,S0753,CT00006,2025-03-04 10:53:13,2025-03-05 20:53:13
CHT00898,S0335,CT00005,2024-01-16 03:02:38,2024-01-16 08:02:38
CHT00899,S0457,CT00002,2025-01-04 04:25:30,2025-01-05 15:25:30
CHT00900,S0896,CT00005,2024-08-28 09:19:34,2024-08-28 22:19:34
CHT00901,S0798,CT00003,2024-04-04 19:57:40,2024-04-06 00:57:40
CHT00902,S0661,CT00005,2024-02-25 00:02:51,2024-02-25 06:02:51
CHT00903,S0744,CT00005,2024-10-27 11:18:51,2024-10-28 10:18:51
CHT00904,S0651,CT00006,2025-01-15 15:13:27,2025-01-15 23:13:27
CHT00905,S0326,CT00006,2024-02-01 15:07:02,2024-02-02 14:07:02
CHT00906,S0702,CT00006,2024-12-15 03:40:17,2024-12-15 18:40:17
CHT00907,S0450,CT00005,2024-04-26 03:35:40,2024-04-27 21:35:40
CHT00908,S0061,CT00006,2024-12-09 01:54:27,2024-12-11 01:54:27
CHT00909,S0598,CT00002,2024-04-04 13:52:41,2024-04-04 18:52:41
CHT00910,S0341,CT00005,2024-04-16 00:23:19,2024-04-17 21:23:19
CHT00911,S0711,CT00005,2024-03-17 19:45:34,2024-03-18 08:45:34
CHT00912,S0119,CT00006,2024-02-07 05:45:58,2024-02-08 08:45:58
CHT00913,S0986,CT00004,2025-01-28 12:27:43,2025-01-29 03:27:43
CHT00914,S0997,CT00006,2024-05-31 12:46:55,2024-06-02 10:46:55
CHT00915,S0974,CT00006,2024-07-27 12:56:04,2024-07-29 07:56:04
CHT00916,S0533,CT00002,2024-08-23 19:41:08,2024-08-25 08:41:08
CHT00917,S0203,CT00001,2025-03-22 23:49:29,2025-03-24 08:49:29
CHT00918,S0229,CT00002,2025-02-28 02:37:15,2025-03-01 11:37:15
CHT00919,S0786,CT00005,2024-09-19 19:27:17,2024-09-20 11:27:17
CHT00920,S0654,CT00004,2024-05-16 04:28:53,2024-05-16 23:28:53
CHT00921,S0259,CT00001,2025-02-07 17:03:29,2025-02-08 17:03:29
CHT00922,S0904,CT00003,2024-09-11 20:39:20,2024-09-12 21:39:20
CHT00923,S0662,CT00004,2024-03-21 06:47:44,2024-03-21 20:47:44
CHT00924,S0804,CT00006,2024-02-03 14:36:30,2024-02-04 09:36:30
CHT00925,S0543,CT00002,2024-12-09 07:10:33,2024-12-09 16:10:33
CHT00926,S0022,CT00002,2024-12-15 14:30:48,2024-12-16 15:30:48
CHT00927,S0096,CT00005,2024-01-28 17:45:33,2024-01-30 07:45:33
CHT00928,S0132,CT00003,2025-03-21 05:08:40,2025-03-22 01:08:40
CHT00929,S0334,CT00001,2024-05-12 12:55:35,2024-05-12 18:55:35
CHT00930,S0311,CT00005,2024-04-20 18:41:18,2024-04-21 00:41:18
CHT00931,S0633,CT00004,2024-11-24 18:23:44,2024-11-26 13:23:44
CHT00932,S0550,CT00005,2025-03-10 18:34:01,2025-03-12 05:34:01
CHT00933,S0506,CT00003,2024-04-01 12:55:45,2024-04-02 06:55:45
CHT00934,S0415,CT00004,2025-01-09 10:27:09,2025-01-10 02:27:09
CHT00935,S0801,CT00004,2024-12-09 02:54:16,2024-12-10 01:54:16
CHT00936,S0071,CT00004,2025-01-26 06:26:47,2025-01-26 19:26:47
CHT00937,S0415,CT00006,2024-06-11 16:49:14,2024-06-13 14:49:14
CHT00938,S0174,CT00002,2025-01-30 19:48:19,2025-01-31 14:48:19
CHT00939,S0215,CT00003,2024-01-28 12:09:34,2024-01-29 07:09:34
CHT00940,S0332,CT00003,2025-02-13 09:31:53,2025-02-13 21:31:53
CHT00941,S0597,CT00006,2024-03-06 09:30:51,2024-03-07 06:30:51
CHT00942,S0189,CT00003,2024-01-02 02:16:47,2024-01-02 07:16:47
CHT00943,S0607,CT00002,2024-09-28 00:08:23,2024-09-28 09:08:23
CHT00944,S0575,CT00004,2024-05-24 07:44:50,2024-05-24 16:44:50
CHT00945,S0291,CT00006,2025-03-10 11:44:53,2025-03-10 20:44:53
CHT00946,S0055,CT00004,2025-01-28 12:08:36,2025-01-29 21:08:36
CHT00947,S0194,CT00004,2024-11-06 07:51:29,2024-11-06 13:51:29
CHT00948,S0275,CT00004,2025-03-19 05:47:57,2025-03-19 10:47:57
CHT00949,S0772,CT00001,2024-08-17 13:31:26,2024-08-17 20:31:26
CHT00950,S0949,CT00001,2025-02-24 15:00:14,2025-02-25 19:00:14
CHT00951,S0363,CT00002,2024-07-04 05:22:51,2024-07-06 02:22:51
CHT00952,S0862,CT00003,2024-12-24 08:33:45,2024-12-26 02:33:45
CHT00953,S0140,CT00002,2024-11-02 16:09:45,2024-11-02 21:09:45
CHT00954,S0051,CT00001,2024-09-19 19:01:59,2024-09-21 04:01:59
CHT00955,S0577,CT00003,2024-03-28 03:49:17,2024-03-30 02:49:17
CHT00956,S0044,CT00003,2024-04-01 00:40:29,2024-04-02 05:40:29
CHT00957,S0786,CT00005,2024-06-06 05:54:31,2024-06-08 05:54:31
CHT00958,S0638,CT00002,2024-01-12 02:18:55,2024-01-13 20:18:55
CHT00959,S0926,CT00005,2024-12-30 18:06:36,2024-12-31 06:06:36
CHT00960,S0827,CT00002,2024-05-28 16:01:50,2024-05-30 13:01:50
CHT00961,S0697,CT00003,2024-09-04 23:54:24,2024-09-06 14:54:24
CHT00962,S0672,CT00005,2024-10-18 04:05:12,2024-10-20 04:05:12
CHT00963,S0719,CT00001,2024-01-27 11:30:11,2024-01-28 00:30:11
CHT00964,S0510,CT00002,2024-06-11 11:05:45,2024-06-12 20:05:45
CHT00965,S0387,CT00003,2024-10-03 20:38:39,2024-10-04 08:38:39
CHT00966,S0653,CT00006,2024-08-06 18:04:49,2024-08-07 13:04:49
CHT00967,S1000,CT00005,2024-02-29 16:45:27,2024-03-01 23:45:27
CHT00968,S0944,CT00006,2024-02-06 18:36:23,2024-02-06 23:36:23
CHT00969,S0649,CT00003,2024-05-31 15:29:57,2024-06-01 07:29:57
CHT00970,S0174,CT00005,2024-10-10 03:56:23,2024-10-10 14:56:23
CHT00971,S0550,CT00004,2024-10-28 22:03:18,2024-10-29 16:03:18
CHT00972,S0265,CT00006,2024-10-04 20:29:01,2024-10-05 14:29:01
CHT00973,S0965,CT00004,2025-01-09 15:04:35,2025-01-11 03:04:35
CHT00974,S0204,CT00004,2024-05-25 06:02:46,2024-05-25 08:02:46
CHT00975,S0304,CT00001,2024-12-10 20:42:31,2024-12-12 06:42:31
CHT00976,S0568,CT00001,2024-11-21 09:02:54,2024-11-21 11:02:54
CHT00977,S0738,CT00002,2024-03-11 02:16:21,2024-03-11 08:16:21
CHT00978,S0526,CT00004,2024-02-19 16:25:21,2024-02-20 18:25:21
CHT00979,S0691,CT00003,2024-01-26 16:37:02,2024-01-28 02:37:02
CHT00980,S0988,CT00005,2025-03-01 14:16:29,2025-03-02 16:16:29
CHT00981,S0452,CT00001,2024-05-18 07:59:15,2024-05-20 07:59:15
CHT00982,S0281,CT00001,2024-10-24 18:18:22,2024-10-25 02:18:22
CHT00983,S0958,CT00005,2024-10-09 02:04:35,2024-10-09 05:04:35
CHT00984,S0463,CT00004,2024-07-21 13:47:04,2024-07-21 16:47:04
CHT00985,S0307,CT00006,2024-06-19 03:47:32,2024-06-19 17:47:32
CHT00986,S0452,CT00006,2024-04-25 11:49:39,2024-04-26 08:49:39
CHT00987,S0728,CT00005,2024-05-15 20:46:28,2024-05-17 02:46:28
CHT00988,S0610,CT00004,2024-08-18 06:35:53,2024-08-19 23:35:53
CHT00989,S0985,CT00005,2024-12-14 05:37:35,2024-12-15 15:37:35
CHT00990,S0617,CT00002,2024-11-23 08:36:01,2024-11-25 05:36:01
CHT00991,S0696,CT00003,2025-03-30 05:35:11,2025-04-01 02:35:11
CHT00992,S0626,CT00005,2024-09-30 13:53:08,2024-10-02 02:53:08
CHT00993,S0945,CT00005,2024-06-19 20:44:48,2024-06-21 03:44:48
CHT00994,S0972,CT00005,2024-04-20 15:50:22,2024-04-20 17:50:22
CHT00995,S0811,CT00001,2024-09-05 20:37:42,2024-09-06 00:37:42
CHT00996,S0636,CT00004,2024-02-03 23:32:55,2024-02-05 12:32:55
CHT00997,S0267,CT00002,2024-07-13 12:29:59,2024-07-14 17:29:59
CHT00998,S0102,CT00005,2024-05-26 19:21:46,2024-05-28 18:21:46
CHT00999,S0166,CT00002,2024-09-18 14:11:42,2024-09-18 21:11:42
CHT01000,S0099,CT00005,2024-06-05 17:18:09,2024-06-06 05:18:09
CHT01001,S0858,CT00006,2024-05-12 20:49:44,2024-05-13 21:49:44
CHT01002,S0599,CT00006,2024-12-12 05:23:33,2024-12-13 15:23:33
CHT01003,S0944,CT00005,2024-12-16 21:47:36,2024-12-18 20:47:36
CHT01004,S0954,CT00006,2024-01-17 12:39:52,2024-01-18 16:39:52
CHT01005,S0450,CT00003,2024-09-29 17:40:09,2024-10-01 06:40:09
CHT01006,S0058,CT00001,2024-10-21 15:59:27,2024-10-22 05:59:27
CHT01007,S0989,CT00002,2024-01-05 02:35:20,2024-01-05 20:35:20
CHT01008,S0482,CT00004,2024-01-10 11:48:54,2024-01-11 07:48:54
CHT01009,S0285,CT00006,2024-03-26 22:19:16,2024-03-27 13:19:16
CHT01010,S0156,CT00005,2024-10-17 22:37:21,2024-10-18 00:37:21
CHT01011,S0436,CT00003,2024-01-08 18:07:59,2024-01-10 17:07:59
CHT01012,S0711,CT00001,2024-12-20 05:27:16,2024-12-20 12:27:16
CHT01013,S0180,CT00004,2024-11-04 02:04:07,2024-11-04 21:04:07
CHT01014,S0007,CT00003,2025-02-21 22:59:43,2025-02-22 22:59:43
CHT01015,S0510,CT00002,2025-01-10 05:41:17,2025-01-12 05:41:17
CHT01016,S0145,CT00005,2025-03-19 06:42:30,2025-03-21 04:42:30
CHT01017,S0635,CT00005,2024-08-16 17:58:13,2024-08-17 10:58:13
CHT01018,S0227,CT00005,2024-05-16 01:27:45,2024-05-17 15:27:45
CHT01019,S0711,CT00002,2024-03-14 03:12:01,2024-03-14 21:12:01
CHT01020,S0449,CT00006,2024-03-26 20:13:30,2024-03-28 20:13:30
CHT01021,S0650,CT00006,2024-11-30 07:42:51,2024-12-01 10:42:51
CHT01022,S0908,CT00006,2025-01-29 13:14:03,2025-01-31 09:14:03
CHT01023,S0542,CT00003,2024-06-01 06:52:24,2024-06-01 13:52:24
CHT01024,S0927,CT00006,2024-01-22 22:47:33,2024-01-23 05:47:33
CHT01025,S0986,CT00001,2024-04-25 23:08:21,2024-04-26 09:08:21
CHT01026,S0639,CT00004,2024-05-04 09:51:18,2024-05-05 02:51:18
CHT01027,S0028,CT00004,2024-05-28 09:51:43,2024-05-29 04:51:43
CHT01028,S0821,CT00004,2024-05-03 07:14:38,2024-05-04 06:14:38
CHT01029,S0048,CT00005,2024-07-20 23:14:46,2024-07-21 19:14:46
CHT01030,S0917,CT00001,2024-01-04 14:10:44,2024-01-06 05:10:44
CHT01031,S0582,CT00001,2024-02-16 19:13:16,2024-02-17 19:13:16
CHT01032,S0514,CT00001,2024-12-02 13:32:43,2024-12-04 11:32:43
CHT01033,S0830,CT00003,2024-07-12 10:26:46,2024-07-13 14:26:46
CHT01034,S0324,CT00001,2025-02-21 16:11:06,2025-02-22 21:11:06
CHT01035,S0268,CT00002,2024-09-17 14:28:16,2024-09-19 10:28:16
CHT01036,S0664,CT00003,2024-04-22 17:49:57,2024-04-23 17:49:57
CHT01037,S0126,CT00006,2024-07-20 18:31:15,2024-07-21 16:31:15
CHT01038,S0780,CT00003,2024-03-15 08:53:22,2024-03-16 03:53:22
CHT01039,S0330,CT00006,2024-03-15 23:49:37,2024-03-17 22:49:37
CHT01040,S0556,CT00005,2024-11-07 09:09:56,2024-11-08 17:09:56
CHT01041,S0263,CT00005,2025-03-23 08:30:51,2025-03-24 15:30:51
CHT01042,S0451,CT00001,2024-01-21 18:09:44,2024-01-22 10:09:44
CHT01043,S0723,CT00006,2024-01-10 22:59:02,2024-01-12 01:59:02
CHT01044,S0742,CT00004,2024-03-03 19:00:42,2024-03-05 12:00:42
CHT01045,S0678,CT00003,2024-12-01 22:55:48,2024-12-02 22:55:48
CHT01046,S0386,CT00005,2024-09-14 17:22:21,2024-09-14 18:22:21
CHT01047,S0048,CT00003,2024-12-10 09:18:36,2024-12-10 16:18:36
CHT01048,S0876,CT00006,2024-03-08 02:36:14,2024-03-08 07:36:14
CHT01049,S0643,CT00005,2024-02-02 22:22:43,2024-02-04 02:22:43
CHT01050,S0121,CT00004,2024-07-06 19:38:22,2024-07-07 11:38:22
CHT01051,S0376,CT00003,2025-01-16 00:40:40,2025-01-17 23:40:40
CHT01052,S0248,CT00002,2024-03-20 06:22:10,2024-03-21 17:22:10
CHT01053,S0707,CT00006,2024-05-12 00:15:07,2024-05-12 22:15:07
CHT01054,S0345,CT00003,2025-02-27 01:43:48,2025-02-28 23:43:48
CHT01055,S0625,CT00004,2024-09-30 20:13:34,2024-10-01 20:13:34
CHT01056,S0031,CT00006,2024-02-14 23:00:14,2024-02-16 18:00:14
CHT01057,S0121,CT00004,2025-03-18 16:19:03,2025-03-19 20:19:03
CHT01058,S0471,CT00003,2024-12-22 15:05:31,2024-12-23 08:05:31
CHT01059,S0833,CT00004,2024-01-13 00:27:53,2024-01-13 17:27:53
CHT01060,S0694,CT00002,2024-07-22 23:04:53,2024-07-24 21:04:53
CHT01061,S0727,CT00001,2024-11-03 17:33:58,2024-11-05 00:33:58
CHT01062,S0725,CT00002,2024-10-17 09:10:01,2024-10-19 04:10:01
CHT01063,S0950,CT00003,2024-02-17 05:31:35,2024-02-17 13:31:35
CHT01064,S0954,CT00002,2024-01-08 01:00:18,2024-01-09 16:00:18
CHT01065,S0582,CT00006,2025-02-27 02:52:34,2025-02-27 05:52:34
CHT01066,S0624,CT00002,2024-12-07 07:56:07,2024-12-08 01:56:07
CHT01067,S0406,CT00005,2024-02-23 20:40:32,2024-02-24 20:40:32
CHT01068,S0350,CT00002,2024-02-16 15:25:09,2024-02-17 07:25:09
CHT01069,S0806,CT00004,2024-07-19 00:59:21,2024-07-20 01:59:21
CHT01070,S0149,CT00001,2025-02-25 23:55:21,2025-02-27 04:55:21
CHT01071,S0519,CT00002,2024-08-16 04:39:05,2024-08-16 21:39:05
CHT01072,S0307,CT00002,2024-10-31 03:46:44,2024-11-01 02:46:44
CHT01073,S0680,CT00001,2024-06-09 19:04:30,2024-06-09 20:04:30
CHT01074,S0423,CT00004,2024-08-15 16:00:47,2024-08-17 12:00:47
CHT01075,S0073,CT00001,2024-01-06 17:23:58,2024-01-07 15:23:58
CHT01076,S0149,CT00004,2024-09-10 16:34:48,2024-09-11 08:34:48
CHT01077,S0012,CT00003,2024-11-24 00:58:15,2024-11-25 19:58:15
CHT01078,S0432,CT00004,2025-02-26 03:40:09,2025-02-26 16:40:09
CHT01079,S0296,CT00002,2025-03-01 14:28:23,2025-03-02 15:28:23
CHT01080,S0249,CT00001,2024-02-20 06:16:51,2024-02-22 04:16:51
CHT01081,S0972,CT00005,2024-06-26 14:11:26,2024-06-28 00:11:26
CHT01082,S0130,CT00004,2024-03-13 15:53:31,2024-03-14 05:53:31
CHT01083,S0261,CT00006,2024-11-03 02:03:07,2024-11-05 01:03:07
CHT01084,S0950,CT00006,2024-12-04 10:04:15,2024-12-05 04:04:15
CHT01085,S0244,CT00003,2025-02-11 23:57:05,2025-02-13 03:57:05
CHT01086,S0772,CT00003,2025-02-23 17:47:47,2025-02-25 12:47:47
CHT01087,S0437,CT00001,2025-02-07 23:46:51,2025-02-09 01:46:51
CHT01088,S0214,CT00002,2025-02-05 07:17:39,2025-02-05 16:17:39
CHT01089,S0568,CT00003,2024-06-05 21:29:46,2024-06-06 16:29:46
CHT01090,S0202,CT00003,2025-01-27 07:10:34,2025-01-28 02:10:34
CHT01091,S0673,CT00001,2024-01-15 12:43:51,2024-01-16 01:43:51
CHT01092,S0122,CT00003,2025-03-09 06:50:46,2025-03-09 13:50:46
CHT01093,S0230,CT00005,2025-03-31 02:16:39,2025-04-01 23:16:39
CHT01094,S0895,CT00001,2025-01-21 14:44:36,2025-01-21 17:44:36
CHT01095,S0588,CT00004,2025-03-24 14:34:11,2025-03-26 00:34:11
CHT01096,S0245,CT00004,2024-09-20 00:34:29,2024-09-20 23:34:29
CHT01097,S0895,CT00001,2024-08-29 01:16:07,2024-08-29 10:16:07
CHT01098,S0769,CT00001,2024-01-24 16:46:37,2024-01-26 10:46:37
CHT01099,S0317,CT00001,2024-05-27 03:19:36,2024-05-28 17:19:36
CHT01100,S0732,CT00001,2024-10-04 03:25:39,2024-10-04 05:25:39
CHT01101,S0677,CT00001,2025-01-26 18:11:50,2025-01-27 11:11:50
CHT01102,S0318,CT00006,2025-03-04 18:09:05,2025-03-06 07:09:05
CHT01103,S0992,CT00003,2025-01-23 05:04:33,2025-01-24 11:04:33
CHT01104,S0175,CT00004,2024-12-30 15:30:26,2024-12-31 08:30:26
CHT01105,S0040,CT00001,2024-08-21 19:09:39,2024-08-23 05:09:39
CHT01106,S0611,CT00001,2024-07-27 15:30:55,2024-07-28 00:30:55
CHT01107,S0936,CT00003,2024-12-12 12:14:44,2024-12-14 01:14:44
CHT01108,S0602,CT00006,2024-09-27 07:59:08,2024-09-28 11:59:08
CHT01109,S0317,CT00004,2024-11-27 12:37:11,2024-11-29 11:37:11
CHT01110,S0078,CT00001,2024-01-02 14:26:14,2024-01-03 15:26:14
CHT01111,S0210,CT00001,2024-06-07 07:08:38,2024-06-07 12:08:38
CHT01112,S0879,CT00005,2024-01-20 03:48:43,2024-01-21 13:48:43
CHT01113,S0114,CT00004,2024-03-21 23:32:34,2024-03-22 08:32:34
CHT01114,S0311,CT00006,2024-10-26 13:11:47,2024-10-27 08:11:47
CHT01115,S0923,CT00003,2024-09-02 21:22:00,2024-09-04 17:22:00
CHT01116,S0031,CT00005,2024-08-12 17:16:47,2024-08-13 19:16:47
CHT01117,S1000,CT00002,2024-10-17 13:47:47,2024-10-18 00:47:47
CHT01118,S0102,CT00002,2025-01-24 01:54:17,2025-01-24 17:54:17
CHT01119,S0861,CT00001,2024-05-22 07:42:30,2024-05-23 16:42:30
CHT01120,S0059,CT00005,2024-06-04 21:22:39,2024-06-06 01:22:39
CHT01121,S0427,CT00001,2024-02-04 10:13:47,2024-02-05 04:13:47
CHT01122,S0099,CT00006,2024-08-03 03:20:47,2024-08-03 23:20:47
CHT01123,S0934,CT00004,2024-05-05 19:00:26,2024-05-07 09:00:26
CHT01124,S0530,CT00005,2024-08-30 08:12:21,2024-08-30 21:12:21
CHT01125,S0986,CT00006,2024-08-21 14:15:50,2024-08-22 00:15:50
CHT01126,S0967,CT00005,2024-09-19 12:10:32,2024-09-20 06:10:32
CHT01127,S0436,CT00005,2025-01-10 12:55:49,2025-01-11 14:55:49
CHT01128,S0752,CT00002,2024-04-25 14:23:13,2024-04-26 01:23:13
CHT01129,S0924,CT00006,2024-08-11 00:20:37,2024-08-12 06:20:37
CHT01130,S0504,CT00003,2025-01-12 04:55:53,2025-01-13 10:55:53
CHT01131,S0203,CT00003,2024-05-15 16:46:16,2024-05-16 03:46:16
CHT01132,S0970,CT00004,2024-04-03 16:58:11,2024-04-05 10:58:11
CHT01133,S0881,CT00006,2025-01-12 21:27:02,2025-01-13 15:27:02
CHT01134,S0729,CT00006,2024-01-04 19:35:10,2024-01-06 10:35:10
CHT01135,S0307,CT00006,2025-03-14 12:02:11,2025-03-14 23:02:11
CHT01136,S0410,CT00005,2024-10-06 15:05:01,2024-10-08 02:05:01
CHT01137,S0592,CT00004,2024-07-01 08:23:42,2024-07-02 07:23:42
CHT01138,S0809,CT00004,2024-09-15 12:56:17,2024-09-17 11:56:17
CHT01139,S0995,CT00006,2024-04-28 03:16:18,2024-04-30 01:16:18
CHT01140,S0293,CT00001,2024-12-18 13:29:42,2024-12-19 02:29:42
CHT01141,S0704,CT00004,2024-11-14 10:35:14,2024-11-15 06:35:14
CHT01142,S0097,CT00005,2024-12-03 07:23:09,2024-12-05 06:23:09
CHT01143,S0556,CT00004,2024-06-09 11:15:30,2024-06-10 04:15:30
CHT01144,S0159,CT00003,2024-04-19 10:26:33,2024-04-20 22:26:33
CHT01145,S0216,CT00002,2024-10-27 04:33:21,2024-10-28 21:33:21
CHT01146,S0549,CT00002,2024-11-21 04:20:06,2024-11-21 17:20:06
CHT01147,S0917,CT00001,2024-05-18 18:46:07,2024-05-20 13:46:07
CHT01148,S0864,CT00001,2024-09-02 02:15:21,2024-09-02 08:15:21
CHT01149,S0942,CT00001,2024-07-26 19:52:57,2024-07-28 12:52:57
CHT01150,S0668,CT00004,2024-10-05 19:27:21,2024-10-07 07:27:21
CHT01151,S0194,CT00006,2024-02-12 01:50:20,2024-02-13 21:50:20
CHT01152,S0534,CT00002,2025-03-03 04:26:22,2025-03-03 18:26:22
CHT01153,S0762,CT00003,2025-01-14 18:20:07,2025-01-16 01:20:07
CHT01154,S0864,CT00006,2024-10-13 11:57:15,2024-10-14 22:57:15
CHT01155,S0005,CT00001,2025-02-08 19:26:16,2025-02-10 01:26:16
CHT01156,S0305,CT00006,2024-10-23 13:11:26,2024-10-24 20:11:26
CHT01157,S0322,CT00001,2025-02-22 03:59:36,2025-02-24 03:59:36
CHT01158,S0667,CT00002,2025-03-27 04:33:43,2025-03-27 09:33:43
CHT01159,S0355,CT00001,2024-01-30 14:54:58,2024-01-30 22:54:58
CHT01160,S0922,CT00003,2024-03-08 17:54:04,2024-03-09 08:54:04
CHT01161,S0899,CT00003,2024-06-05 21:08:46,2024-06-05 23:08:46
CHT01162,S0442,CT00003,2024-02-26 20:07:51,2024-02-27 22:07:51
CHT01163,S0492,CT00003,2024-12-29 11:43:51,2024-12-30 14:43:51
CHT01164,S0300,CT00001,2024-09-07 20:55:24,2024-09-08 21:55:24
CHT01165,S0505,CT00003,2024-11-14 08:23:51,2024-11-15 18:23:51
CHT01166,S0649,CT00002,2025-01-13 03:38:27,2025-01-14 15:38:27
CHT01167,S0790,CT00002,2024-05-01 10:03:17,2024-05-02 10:03:17
CHT01168,S0573,CT00004,2024-10-26 18:13:27,2024-10-27 04:13:27
CHT01169,S0913,CT00003,2025-01-08 11:32:36,2025-01-09 13:32:36
CHT01170,S0889,CT00002,2024-05-01 12:35:57,2024-05-02 04:35:57
CHT01171,S0088,CT00005,2024-02-07 18:32:57,2024-02-09 08:32:57
CHT01172,S0215,CT00001,2024-08-15 10:20:21,2024-08-17 03:20:21
CHT01173,S0728,CT00001,2024-06-07 12:35:12,2024-06-09 03:35:12
CHT01174,S0112,CT00005,2024-11-10 02:47:31,2024-11-10 04:47:31
CHT01175,S0559,CT00004,2024-02-27 08:07:56,2024-02-27 20:07:56
CHT01176,S0892,CT00005,2024-06-20 19:57:57,2024-06-20 22:57:57
CHT01177,S0770,CT00002,2025-02-17 10:03:27,2025-02-19 01:03:27
CHT01178,S0811,CT00006,2024-06-08 09:15:49,2024-06-10 06:15:49
CHT01179,S0448,CT00003,2024-06-20 11:52:09,2024-06-22 08:52:09
CHT01180,S0618,CT00003,2024-02-24 17:26:05,2024-02-24 20:26:05
CHT01181,S0867,CT00005,2024-08-14 12:11:50,2024-08-14 17:11:50
CHT01182,S0695,CT00004,2024-07-26 23:20:42,2024-07-27 04:20:42
CHT01183,S0355,CT00003,2024-10-21 03:37:23,2024-10-22 11:37:23
CHT01184,S0987,CT00002,2024-10-16 15:50:12,2024-10-18 09:50:12
CHT01185,S0106,CT00002,2024-07-03 23:53:37,2024-07-05 09:53:37
CHT01186,S0744,CT00002,2024-11-23 13:18:02,2024-11-25 03:18:02
CHT01187,S0500,CT00004,2025-02-15 21:36:34,2025-02-16 13:36:34
CHT01188,S0945,CT00006,2024-06-06 11:08:25,2024-06-08 02:08:25
CHT01189,S0307,CT00006,2024-02-14 20:05:15,2024-02-15 13:05:15
CHT01190,S0058,CT00002,2024-07-03 02:27:40,2024-07-03 23:27:40
CHT01191,S0890,CT00002,2024-08-27 10:57:41,2024-08-29 03:57:41
CHT01192,S0023,CT00001,2024-08-27 00:40:27,2024-08-27 15:40:27
CHT01193,S0892,CT00005,2024-12-22 04:26:47,2024-12-22 12:26:47
CHT01194,S0379,CT00001,2025-03-20 15:33:44,2025-03-21 09:33:44
CHT01195,S0171,CT00005,2024-09-16 17:17:25,2024-09-16 22:17:25
CHT01196,S0672,CT00003,2024-08-16 09:48:44,2024-08-17 04:48:44
CHT01197,S0965,CT00005,2024-01-30 13:13:01,2024-01-31 09:13:01
CHT01198,S0958,CT00001,2024-09-19 00:26:46,2024-09-20 17:26:46
CHT01199,S0501,CT00001,2024-06-24 19:07:27,2024-06-25 14:07:27
CHT01200,S0512,CT00004,2024-12-23 12:26:05,2024-12-24 08:26:05
CHT00318,S0510,CT00004,2025-02-03 01:54:48,2025-02-03 14:54:48
CHT00889,S0388,CT00006,2025-02-22 18:08:17,2025-02-24 01:08:17
CHT00855,S0803,CT00004,2024-09-29 00:42:59,2024-09-30 23:42:59
CHT00519,S0632,CT00006,2024-04-29 00:31:01,2024-04-29 22:31:01
CHT00487,S0019,CT00006,2024-10-06 02:22:08,2024-10-07 09:22:08
CHT00558,S0817,CT00005,2024-07-25 23:33:48,2024-07-27 08:33:48
CHT00506,S0019,CT00005,2025-02-06 03:44:59,2025-02-07 17:44:59
CHT00428,S0685,CT00003,2024-04-25 08:38:44,2024-04-25 13:38:44
CHT00952,S0862,CT00003,2024-12-24 08:33:45,2024-12-26 02:33:45
CHT01004,S0954,CT00006,2024-01-17 12:39:52,2024-01-18 16:39:52
CHT00028,S0445,CT00002,2024-09-12 12:15:15,2024-09-13 13:15:15
CHT00538,S0265,CT00001,2025-02-12 03:28:43,2025-02-12 11:28:43
CHT00443,S0552,CT00004,2025-03-28 15:28:13,2025-03-29 16:28:13
CHT00634,S0054,CT00005,2024-12-07 16:02:26,2024-12-09 16:02:26
CHT00631,S0846,CT00002,2024-04-11 23:22:55,2024-04-13 11:22:55
CHT00759,S0958,CT00004,2024-09-07 18:44:31,2024-09-09 00:44:31
CHT00317,S0724,CT00003,2024-08-09 02:42:17,2024-08-10 16:42:17
CHT00120,S0932,CT00006,2025-02-07 07:01:13,2025-02-07 22:01:13
CHT00350,S0395,CT00003,2025-03-17 08:09:40,2025-03-17 20:09:40
CHT00926,S0022,CT00002,2024-12-15 14:30:48,2024-12-16 15:30:48
